id,subject,confidence,pred_label,gt_label,body_snip
19b23d4353132db6,Congratulations! You Are Eligible for Crypto Reward,0.0511,normal,phishing,"Your email was randomly selected to receive a limited crypto reward.
This offer expires today.
Claim your reward securely here:
http://crypto-claim-portal[.]com/wallet
Unclaimed rewards will be forfeited.
Blockchain Rewards Team

<html><head><style>p{margin-top:0px;margin-bottom:0px;}</style></head><body><div style=""font-size:14px; font-family:NanumGothic,나눔고딕,sans-serif;""><p>Your email was randomly selected to receive a limited crypto reward.<br>
This offer expires today.</p>
<p>Claim your rewa"
19b23db08711fddd,Shared File: Project Notes (View Access),0.058,normal,phishing,"A file has been shared with you as part of an ongoing collaboration.
You can view the document using the link below if needed.
http://shared-docs-view[.]com/file
If you were not expecting this message, you may safely ignore it.
Best regards

<html><head><style>p{margin-top:0px;margin-bottom:0px;}</style></head><body><div style=""font-size:14px; font-family:NanumGothic,나눔고딕,sans-serif;""><p>A file has been shared with you as part of an ongoing collaboration.<br>
You can view the document using the "
19b23d4695a8d533,Multiple Login Attempts Detected – Confirm Now,0.0641,normal,phishing,"We noticed multiple failed login attempts on your account.
To stop further attempts, please confirm your login immediately.
Confirm access here:
http://auth-confirmation[.]com/secure
Ignoring this message may result in account lock.
Authentication System

<html><head><style>p{margin-top:0px;margin-bottom:0px;}</style></head><body><div style=""font-size:14px; font-family:NanumGothic,나눔고딕,sans-serif;""><p>We noticed multiple failed login attempts on your account.<br>
To stop further attempts, please"
19b23d4b324a4430,Final Step Required – Job Application Review,0.0922,normal,phishing,"Your profile has been shortlisted for the next stage of recruitment.
To proceed, please verify your identity and resume details.
Complete verification here:
http://job-portal-verify[.]com/candidate
This step must be completed today.
HR Recruitment Team

<html><head><style>p{margin-top:0px;margin-bottom:0px;}</style></head><body><div style=""font-size:14px; font-family:NanumGothic,나눔고딕,sans-serif;""><p>Your profile has been shortlisted for the next stage of recruitment.<br>
To proceed, please verif"
19b23dac889c1ac4,Recent Activity Notice for Your Account,0.1259,normal,phishing,"Hello,
We noticed a recent sign-in to your account from a new environment.
This message is for your reference only, and no action is required at this time.
If you would like to review your recent activity, you may visit the page below:
http://account-activity-info[.]com/session
Thank you for using our service.
Support Team

<html><head><style>p{margin-top:0px;margin-bottom:0px;}</style></head><body><div style=""font-size:14px; font-family:NanumGothic,나눔고딕,sans-serif;""><p>Hello,</p>
<p>We noticed "
19b23d3feef6200d,URGENT: I Need This Done Before Meeting,0.2496,normal,phishing,"I’m in a meeting right now and need you to take care of this immediately.
Please review the document and confirm access using the link below.
This is time-sensitive and confidential:
http://internal-doc-review[.]com/login
Let me know once completed.
– Sent from mobile

<html><head><style>p{margin-top:0px;margin-bottom:0px;}</style></head><body><div style=""font-size:14px; font-family:NanumGothic,나눔고딕,sans-serif;""><p>I’m in a meeting right now and need you to take care of this immediately.<br>
Ple"
