id,subject,body,label,confidence,feedback,gt_label
19ad6878156e061b,Extra 40% off: Cyber Monday savings,"adidas
 
 
 
 
Use code CYBER for an extra 40% off full price and sale items.

 
https://click.link.adidas.com/?qs=7c6707760b35f81d63bca5d96ffe8688cbab25a20499d37ade7d0e5b901df905016480f23adb6722882862885a8fdcbb36b13c4f3999c96ad42edd4ecc1363d2 

 Use code CYBER for an extra 40% off full price and sale items.
  
https://view.link.adidas.com/?qs=33e712fe95b4bbed0229f49ec5a0226f513e8da8dde4966727978b61da87d3ed52293d8f4ac663dc6ad43db45836bf913515be05ad94db94783b5fc3992cebd1cc21e437f673b5",normal,0.914,"이 이메일은 위험하지 않은 것으로 판단됩니다. 다음은 그 이유입니다:

1. **Gmail 분류 결과**: 이메일은 'CATEGORY_PROMOTIONS'로 분류되었으며, 이는 일반적으로 프로모션 관련 이메일을 나타냅니다. 그러나 이 결과를 그대로 신뢰하지 않기로 했으므로 추가 검토가 필요합니다.

2. **인증 상태**: SPF, DKIM, DMARC 모두 통과하였으므로 발신자의 신뢰성을 높이는 요소입니다. 이는 이메일이 진짜 발신자에 의해 전송되었음을 나타냅니다.

3. **링크 및 첨부파일**: 이메일에는 링크가 포함되어 있지만, 첨부파일은 없습니다. 링크는 프로모션을 위한 것이며, 일반적으로 안전한 사이트(adidas.com)로 연결됩니다. 그러나 링크 클릭 시 주의가 필요합니다.

4. **사회공학적 패턴**: 이메일 내용은 할인 코드와 관련된 프로모션으로, 급박한 금전 요구나 발신자/도메인 위장과 같은 사회공학적 패턴이 발견되지 않았습니다.

위의 정책 항목을 바탕으로, 다음과 같은 안전 조치를 권장합니다:

1. **링크 검증**: 이메일 내 링크를 클릭하기 전에 URL을 확인하여 실제 adidas 웹사이트로 연결되는지 확인합니다.

2. **사용자 알림**: 조직 내 사용자에게 이러한 프로모션 이메일이 올 수 있음을 알리고, 링크 클릭 시.",normal

19ad3f972f1925de,Week 48: INTC is up 17.6% this week and the market is up 4.1%,"아안, the USA stock market is up 4.1% over the past 7 days with the Semiconductor industry up 5.7%


SIMPLY WALLST                              Your login is via
yourGoogle
( https://l.p.simplywall.st/ss/c/u001.tHrjIIteht6X6RxCG92PcZISiiOq-WIClpAj_yUKcGo/4m1/KOQvylsdTM2XYiLzLDyk7A/t0/h001.PQXHiHpcq-MRdenWXbcgmRHKXNxAHdUo2nwjKYVIGEs )
account
SIMPLY WALLST ( https://l.p.simplywall.st/ss/c/u001.tHrjIIteht6X6RxCG92PcZISiiOq-WIClpAj_yUKcGo/4m1/KOQvylsdTM2XYiLzLDyk7A/t1/h001.9G1kGqOIw6z-qpjD0v9T",normal,0.791,"이 이메일은 위험하지 않은 것으로 판단됩니다. 다음은 그 이유입니다:

1. **Gmail 분류 결과**: 이메일은 'UNREAD', 'CATEGORY_UPDATES', 'INBOX'로 분류되어 있으며, 이는 일반적인 업데이트 이메일로 보입니다. 그러나 Gmail의 분류 결과를 그대로 신뢰하지 않기 때문에 추가 검토가 필요합니다.

2. **인증 상태**: SPF, DKIM, DMARC 모두 성공적으로 인증되었습니다. 이는 발신자가 신뢰할 수 있는 출처임을 나타냅니다.

3. **사회공학 패턴**: 이메일 본문에는 발신자/도메인 위장, 급박한 금전 요구, 로그인/다운로드 링크와 같은 사회공학적 패턴이 발견되지 않았습니다. 링크는 Simply Wall Street와 관련된 것으로 보이며, 일반적인 주식 시장 업데이트 내용입니다.

위의 정책 항목을 바탕으로 이메일은 정상으로 평가되었습니다. 

안전한 후속 조치:
1. 이메일의 링크를 클릭하기 전에 URL을 확인하여 신뢰할 수 있는 도메인인지 확인합니다.
2. 이메일의 내용을 다른 공식 채널(예: Simply Wall Street 웹사이트)에서 확인하여 정보의 정확성을 검증합니다.
3. 사용자가 이 이메일을 통해 제공된 정보에 따라 행동하기 전에 추가적인 조사를 수행하도록 안내합니다.",normal
19ad14f43a2171de,Black Friday 50% Sale + how to thrive in the market,"Discover, track and learn how to invest using Simply Wall St
Black Friday now on 
( https://l.p.simplywall.st/ss/c/u001.z2q9iH8nJTMhV1QAA02yBmiiLa2x3QbhcFfp9tc31g_JmZg8OKWQ7bQKxNAeGUwOA1Xc_AgG5MZFHUQN3lW3GclNTR9s8um7lBi8yzNtV0vR_4WEmHD8grMAJtH8RFqA8qOLgpo-Qy8oGaV7qYbhdw/4m0/d_y_IzzQQi6VBo4XKHHdQg/t0/h001.DUxVA6svfqZvZwiZfb7h0BBZjs0BbgD6Fr1rn6eoa1o Black Friday 2025 2&utm_content=Active - 3 email )
 Black Friday now on 
( https://l.p.simplywall.st/ss/c/u001.z2q9iH8nJTMhV1QAA02yBmiiLa2x3QbhcFf",normal,0.9485,"이 이메일은 다음과 같은 이유로 위험하지 않다고 판단됩니다:

1. **인증 통과**: SPF, DKIM, DMARC 모두 통과하여 발신자의 신뢰성을 높입니다. 이는 정책의 첫 번째 항목인 ""SPF/DKIM/DMARC가 실패하면 위험 점수를 높인다""에 해당하지 않습니다.
   
2. **링크 및 첨부 파일 없음**: 이메일에는 링크가 포함되어 있지만, 첨부 파일은 없으며, 링크는 발신자가 신뢰할 수 있는 도메인에서 제공됩니다. 이는 정책의 두 번째 항목인 ""링크·첨부 파일이 있으면 위험 점수를 높인다""에 해당하지 않습니다.

3. **사회공학 패턴 부재**: 이메일 내용은 일반적인 마케팅 메시지로 보이며, 발신자 위장이나 급박한 금전 요구와 같은 사회공학적 패턴이 없습니다. 이는 정책의 세 번째 항목인 ""발신자/도메인 위장, 급박/금전 요구, 로그인/다운로드 링크의 사회공학 패턴을 우선 검토한다""에 해당하지 않습니다.

따라서, 이 이메일은 정상으로 분류되었습니다.

**안전한 조치 세 가지**:
1. 이메일을 주의 깊게 검토하여 의심스러운 링크를 클릭하지 않도록 합니다.
2. 발신자 정보를 확인하여 신뢰할 수 있는 출처인지 다시 한 번 확인합니다.
3. 이메일의",normal
19ad061ae8fcb5df,회원 전용: 땅튜브님의 새로운 게시물,"ㅋㅋㅋㅋㅋㅋㅋㅋ 프사를 벌써 바꾸면 어떡해 ㅡㅡ<br/>어서와요 호로록 인턴..
-- 땅튜브
 
  https://youtu.be/
  
  
 
  https://www.youtube.com/playlist?list=
  
  
 
  https://yt3.ggpht.com/-FjQS_02cKHwaNFaxzdwN0kFvZpyWzaT1lEsdm7WA8AF11rM-kmhMp3joqsrVuwhM001GgxpwZh7=w512-h512-n-nd
 
https://www.youtube.com/post/UgkxOzLALFzbz8-wOsn88f4vkQoeQ_wpir2A?feature=em-sponsor
 
---
수신 거부 링크:  
https://www.youtube.com/email_unsubscribe?uid=AdJuWlIHVq4ZhGWRY_WtrS6TvFtVg0eLjHH0QFW27Dt2E3mBzJ9OBi9rUWOV&action_unsubscribe=membe",normal,0.8873,"이 이메일은 위험하지 않은 것으로 판단됩니다. 다음은 그 이유입니다:

1. **Gmail 분류 결과**: 이메일은 'UNREAD', 'CATEGORY_SOCIAL', 'INBOX'로 분류되어 있으며, 이는 일반적인 소셜 미디어 알림으로 보입니다. 하지만, Gmail의 분류 결과를 그대로 신뢰하지 않기 때문에 추가 검토가 필요합니다.

2. **인증 정보**: SPF, DKIM, DMARC 모두 통과하였으므로 발신자의 신뢰성을 높입니다. 이는 이메일이 위조되지 않았음을 나타냅니다.

3. **사회공학 패턴**: 이메일 내용은 비공식적인 대화 형식으로 작성되어 있으며, 금전 요구나 로그인 링크가 포함되어 있지 않습니다. 또한, 발신자와 도메인이 일치하여 위장 가능성이 낮습니다.

위의 정책 항목을 바탕으로 이메일은 정상으로 평가되었습니다. 

안전한 후속 조치:
1. **모니터링**: 이메일의 발신자와 관련된 추가 이메일을 모니터링하여 의심스러운 활동이 있는지 확인합니다.
2. **사용자 알림**: 사용자가 이메일의 내용을 주의 깊게 검토하도록 알립니다.
3. **정기적인 보안 교육**: 조직 내 사용자들에게 사회공학적 공격에 대한 교육을 제공하여 경각심을 높입니다.",normal
19acc14d71516054,⚠️ Gmail 스토리지 73% 소진,"추가 스토리지를 구매하거나 여유 공간을 확보하세요

͏ ͏ ͏ ͏ ͏ ͏ ͏ ͏ ͏ ͏ ͏ ͏ ͏ ͏ ͏ ͏ ͏ ͏ ͏ ͏ ͏ ͏ ͏ ͏ ͏ ͏ ͏ ͏ ͏ ͏ ͏ ͏ ͏ ͏ ͏ ͏ ͏ ͏ ͏ ͏ ͏ ͏ ͏ ͏ ͏ ͏ ͏ ͏ ͏ ͏ ͏ ͏ ͏ ͏ ͏ ͏ ͏ ͏ ͏ ͏ ͏ ͏ ͏ ͏ ͏ ͏ ͏ ͏ ͏ ͏ ͏ ͏ ͏ ͏ ͏ ͏ ͏ ͏ ͏ ͏ ͏ ͏ ͏ ͏ ͏ ͏ ͏ ͏ ͏ ͏ ͏ ͏ ͏ ͏ ͏ ͏ ͏ ͏ ͏ ͏ ͏ ͏ ͏ ͏ ͏ ͏ ͏ ͏ ͏ ͏ ͏ ͏ ͏ ͏ ͏ ͏ ͏ ͏ ͏ ͏ ͏ ͏ ͏ ͏ ͏ ͏ ͏ ͏ ͏ ͏ ͏ ͏ ͏ ͏ ͏ ͏ ͏ ͏ ͏ ͏ ͏ ͏ ͏ ͏ ͏ ͏ ͏ ͏ ͏ ͏ ͏ ͏ ͏ ͏ ͏ ͏ ͏ ͏ ͏ ͏ ͏ ͏ ͏ ͏ ͏ ͏ ͏ ͏ ͏ ͏ ͏ ͏ ͏ ͏ ͏ ͏ ͏ ͏ ͏ ͏ ͏ ͏ ͏ ͏ ͏ ͏ ͏ ͏ ͏ ͏ ͏ ͏ ͏ ͏ ͏ ͏ ͏ ͏ ͏ ͏ ͏ ͏ ͏ ͏ ͏ ͏ ͏ ͏ ͏ ͏ ͏ ͏ ͏ ͏ ͏ ͏ ͏ ͏ ͏ ͏ ͏ ͏ ͏ ͏ ͏ ͏ ͏ ͏ ͏ ͏ ͏ ͏ ͏ ͏ ͏",normal,0.8685,"이 이메일은 위험하지 않은 것으로 판단됩니다. 다음과 같은 이유로 안전하다고 평가할 수 있습니다:

1. **Gmail 분류 결과**: 이메일은 Gmail의 카테고리 '업데이트'와 '받은 편지함'으로 분류되었습니다. 이는 일반적인 서비스 공지로 보입니다.
2. **인증 정보**: SPF, DKIM, DMARC 모두 통과하였으며, 이는 이메일이 신뢰할 수 있는 출처에서 발송되었음을 나타냅니다.
3. **링크 및 첨부 파일**: 이메일에는 링크가 포함되어 있지만, 첨부 파일은 없습니다. 링크는 Google의 공식 웹사이트로 연결되므로 안전하다고 판단됩니다.

위 정책 항목을 바탕으로 이메일이 위험하지 않다고 결론지었습니다.

안전한 조치:
1. 이메일 내용을 확인하고, 필요한 경우 추가 스토리지 구매를 고려합니다.
2. 이메일의 링크를 클릭하기 전에 URL을 확인하여 공식 Google 사이트인지 확인합니다.
3. 이메일을 정기적으로 모니터링하여 유사한 이메일이 계속 오는지 확인하고, 의심스러운 이메일은 즉시 삭제합니다.",
19ac817ab4c5f2cf,Black Friday Sale on now! Save 50% on our plans for a limited time,"Save 50% on our Premium and Unlimited plans. Get the full
experience of the Simply Wall St platform at a discounted price.
Black Friday now on! 
( https://l.p.simplywall.st/ss/c/u001.z2q9iH8nJTMhV1QAA02yBmiiLa2x3QbhcFfp9tc31g_JmZg8OKWQ7bQKxNAeGUwOA1Xc_AgG5MZFHUQN3lW3GclNTR9s8um7lBi8yzNtV0vR_4WEmHD8grMAJtH8RFqA8qOLgpo-Qy8oGaV7qYbhdw/4lz/iUNtV5mzQQCtXeQUYPtSSA/t0/h001.0b_Lc2SxMFp2cl1o7L9ZOyQ0-Tri7zjSjNwcRrHLlPU Black Friday 2025 2&utm_content=Active - 2 )
 Black Friday now on! 
( https://l.p.",normal,0.9306,"이 이메일은 다음과 같은 이유로 위험하지 않다고 판단됩니다:

1. **Gmail 분류 결과**: 이메일은 'CATEGORY_UPDATES'와 'INBOX'로 분류되어 있습니다. 이는 이메일이 일반적인 업데이트 또는 소식으로 간주된다는 것을 의미합니다.
2. **인증 상태**: SPF, DKIM, DMARC 모두 통과했습니다. 이는 발신자의 도메인이 신뢰할 수 있음을 나타냅니다.
3. **링크 및 첨부파일**: 이메일에는 첨부파일이 없으며, 링크가 포함되어 있지만, 발신자가 신뢰할 수 있는 것으로 보입니다.

따라서 위험 점수가 높지 않으며, 정상적인 이메일로 판단됩니다.

### 안전한 후속 조치:
1. **사용자 알림**: 해당 이메일이 정상적인 프로모션 이메일임을 사용자에게 알립니다.
2. **링크 검토**: 이메일에 포함된 링크를 클릭하기 전에 URL을 확인하여 안전성을 검토합니다.
3. **정기적인 보안 교육**: 사용자에게 피싱 및 사회공학적 공격에 대한 교육을 제공하여 향후 위험을 줄입니다.",normal
19ac816c0ad7006f,Your digest on AMD: is showing bullish indicators 📈,"<html dir=""ltr"" lang=""en""><head><link rel=""preload"" as=""image"" href=""https://l.p.simplywall.st/ss/c/u001.1kLL09YLty_3PW1IMIppWnEfcQsTsGwMl229iC-pAIsNe4uEYS9sTOujbajovHgml_Ja8OfEXLtbtZn3RDj6K2htFKVnhm6CcQX3kqQAwk-lYTZJ8HJUvJsXI8-v5kXP6zlRFux4mPDR3emuyoHxwb-QhnF9pvqTF6L55TbOhTg7_M2Qz_hcMMyWy8cNpFo9qFRa047OBMy2OnzWEhwUkQ/4lz/G7wVV-ziStG5UWkLqGyHpA/t0/h001.yRXJPmr3f1ESc_lvjN5tbEmivca4qMIUE5Lkr6a4ogE><link rel=""preload"" as=""image"" href=""https://l.p.simplywall.st/ss/c/u001.1kLL09YLty_3PW1IMIppWnEfcQsT",normal,0.9936,"이 이메일은 위험하지 않은 것으로 판단됩니다. 다음과 같은 이유로 안전하다고 평가했습니다:

1. **Gmail 분류 결과**: 이메일은 'CATEGORY_UPDATES'와 'INBOX'로 분류되어 있습니다. 이는 일반적인 업데이트 이메일로 간주될 수 있습니다.
2. **인증 상태**: SPF, DKIM, DMARC 모두 통과하여 발신자의 신뢰성을 보장합니다. 이는 이메일이 위조되지 않았음을 나타냅니다.
3. **링크 및 첨부 파일**: 이메일에는 첨부 파일이 없으며, 링크가 포함되어 있지만, 일반적인 정보 제공 목적의 링크로 보입니다.

위의 정책 항목을 기반으로 이메일은 안전하다고 판단되었습니다.

### 안전한 후속 조치:
1. **사용자 알림**: 이메일의 내용을 사용자에게 알리고, 해당 이메일이 정상적인 업데이트임을 확인합니다.
2. **모니터링**: 이메일 발신자의 도메인 및 링크를 주기적으로 모니터링하여 의심스러운 활동이 없는지 확인합니다.
3. **정기적인 교육**: 사용자에게 피싱 및 사회공학적 공격에 대한 교육을 제공하여, 향후 유사한 이메일에 대한 경각심을 높입니다.",
19ac7efd757df682,"TSLA: Perrone Robotics Files Patent Infringement Actions to Protect Foundational Robotic and Automated Vehicle Technology against Tesla, Toyota, Volkswagen, Hyundai, Kia, Mazda, and Nissan","96   SIMPLYWALLST | Daily Important Updates     * *
Your login is via your 
Google account 
( https://l.p.simplywall.st/ss/c/u001.z2q9iH8nJTMhV1QAA02yBlH8htljoO0TaOR6Xw4CHPT5TtPw0MaMVs531Ec19ym5jlfsOt3rwFcWHE--IazFz9yHazx-KvFAKHCjyZ7KMtXl6OJUQ-Liki32phHpYmak/4lz/uJNIUZTpRzqPcjruAR69QA/t0/h001.jf4Bx6n3RjFjhiHrJvQ7y3nFru6poSGBRgMHbQdPemw Updates: Daily Batch v2&utm_content=Critical Updates )
     SIMPLYWALLST | Daily
Important updates ( # )   Fri 28 Nov 2025
You have 1 new
update
for 
TSL",normal,0.9581,"이 이메일은 다음과 같은 이유로 위험하지 않다고 판단됩니다:

1. **Gmail 분류 결과**: 이메일은 'UNREAD', 'CATEGORY_UPDATES', 'INBOX'로 분류되어 있으며, 이는 일반적인 업데이트 이메일로 보입니다. 그러나 Gmail의 분류 결과를 그대로 신뢰하지 않기 때문에 추가 검토가 필요합니다.

2. **인증 상태**: SPF, DKIM, DMARC 모두 통과하였으므로 발신자의 신뢰성을 높이는 요소입니다. 이는 이메일이 위조되지 않았음을 나타냅니다.

3. **링크 및 첨부파일**: 이메일에는 링크가 포함되어 있지만, 첨부파일은 없으며, 링크는 일반적인 정보 제공 목적으로 보입니다. 그러나 링크를 클릭하기 전에 항상 주의가 필요합니다.

위의 정책 항목을 기반으로, 다음과 같은 안전한 조치를 취할 수 있습니다:

1. **링크 검토**: 이메일 내의 링크를 클릭하기 전에, 링크의 URL을 확인하여 신뢰할 수 있는 도메인인지 확인합니다.

2. **사용자 알림**: 조직 내 사용자에게 이 이메일이 정상적인 업데이트 이메일임을 알리고, 링크 클릭 시 주의할 것을 권장합니다.

3. **모니터링**: 이메일의 발신자와 관련된 활동을 모니터링하여, 이후 의심스러운 행동이 발생하지 않는지 확인합니다. 

이러한 조치를 통해 이메일의 안전성을 더욱 강화할 수 있습니다",normal
19ad91b076418d68,[GitHub] A third-party OAuth application has been added to your account,"Hey jiho6367-design!

A third-party OAuth application (Streamlit) with admin:repo_hook, codespace, public_repo, read:org, and user:email scopes was recently authorized to access your account.
Visit https://github.com/settings/connections/applications/06f8c147652718282386 for more information.

To see this and other security events for your account, visit https://github.com/settings/security-log

If you run into problems, please contact support by visiting https://github.com/contact

Tha",normal,0.6509,"이 이메일은 위험하지 않은 것으로 판단됩니다. 다음과 같은 이유로 정책 항목을 적용했습니다:

1. **Gmail 분류 결과**: 이메일은 'UNREAD', 'CATEGORY_UPDATES', 'INBOX'로 분류되어 있으며, 이는 일반적인 업데이트 이메일로 보입니다.
2. **인증 결과**: SPF, DKIM, DMARC가 모두 통과하여 발신자의 신뢰성을 높입니다.
3. **사회공학 패턴**: 이메일 내용은 GitHub에서의 정상적인 OAuth 애플리케이션 추가 알림으로, 발신자 위장이나 급박한 금전 요구가 없습니다.

위의 이유로 이 이메일은 정상으로 평가되었습니다.

안전한 후속 조치:
1. 이메일의 링크를 클릭하기 전에 GitHub 계정에 직접 로그인하여 설정을 확인합니다.
2. OAuth 애플리케이션 목록에서 Streamlit의 권한을 검토하고 필요하지 않은 경우 제거합니다.
3. GitHub 보안 로그를 확인하여 최근의 보안 이벤트를 모니터링합니다.",normal
19ad91ac5a70abbb,[GitHub] Sudo email verification code,"Hey, jiho6367-design!

Here is your GitHub sudo authentication code: 54046940
This code is valid for 15 minutes and can only be used once.

Please don't share this code with anyone: we'll never ask for it on the phone or via email.
Thanks,
The GitHub Team

<!DOCTYPE html PUBLIC ""-//W3C//DTD XHTML 1.0 Transitional//EN"" ""http://www.w3.org/TR/xhtml1/DTD/xhtml1-transitional.dtd"">
<html xmlns=""http://www.w3.org/1999/xhtml"" xmlns=""http://www.w3.org/1999/xhtml"" lang=""en"" xml:lang=""en"" style=""f",normal,0.9136,"이 이메일은 GitHub에서 보낸 인증 코드 이메일로 보입니다. 다음은 위험 평가에 대한 설명입니다.

1. **정책 항목 검토**:
   - **Gmail 분류 결과**: 이메일은 'IMPORTANT'로 분류되어 있으나, 이를 그대로 신뢰하지 않습니다.
   - **SPF/DKIM/DMARC**: 모두 통과하여 인증된 발신자로 확인되었습니다. 이는 이메일의 신뢰성을 높입니다.
   - **사회공학 패턴**: 이메일 본문에서 발신자가 인증 코드를 요청하고 있으며, 이를 공유하지 말라는 경고가 포함되어 있습니다. 이는 일반적인 보안 이메일의 특징입니다.

2. **위험 점수**: 이메일의 위험 점수는 91.36%로, 정상으로 평가되었습니다. 인증 정보가 포함되어 있지만, 발신자가 신뢰할 수 있는 GitHub이므로 위험성이 낮습니다.

3. **안전한 조치**:
   - **사용자 알림**: 사용자가 이 이메일을 받았음을 알리고, 인증 코드를 안전하게 관리하도록 안내합니다.
   - **모니터링**: 해당 이메일과 관련된 계정 활동을 모니터링하여 의심스러운 활동이 있는지 확인합니다.
   - **정기적인 보안 교육**: 사용자에게 피싱 이메일 및 사회공학적 공격에 대한 교육을 제공하여 경각심을 높입니다.

결론적으로, 이 이메일은 인증 코드 요청으로 보이며, 신뢰",
19ad8825fde6f2b7,"(광고) 💙더 잘하고 싶어서, 갤럭시 AI 탭","<!DOCTYPE html
  PUBLIC ""-//W3C//DTD XHTML 1.0 Transitional//EN"" ""http://www.w3.org/TR/xhtml1/DTD/xhtml1-transitional.dtd"">
<html xmlns=""http://www.w3.org/1999/xhtml"">

<head>
  <title></title>
  <meta content=""text/html; charset=utf-8"" http-equiv=""Content-Type"" />
</head>

<body>
  <table width=""800"" border=""0"" cellpadding=""0"" cellspacing=""0"" align=""center"" valign=""top""
    style=""border-spacing:0; border-collapse:collapse; padding:0; margin:0 auto; border:0; font-size:0; line-height",normal,0.9836,"이 이메일은 다음과 같은 이유로 위험하지 않은 것으로 판단됩니다:

1. **Gmail 분류 결과**: 이메일은 'CATEGORY_PROMOTIONS'로 분류되어 있으며, 이는 일반적으로 광고성 이메일임을 나타냅니다. 그러나 이 분류를 그대로 신뢰하지 않기 때문에 추가 검토가 필요합니다.

2. **인증 상태**: SPF, DKIM, DMARC 모두 통과하였으므로 발신자의 신뢰성을 높이는 요소입니다. 이는 이메일이 합법적인 출처에서 발송되었음을 나타냅니다.

3. **링크 및 첨부 파일**: 이메일에는 링크가 포함되어 있지만, 첨부 파일은 없습니다. 링크가 포함된 이메일은 일반적으로 위험할 수 있지만, 이 경우에는 인증이 완료된 발신자에서 온 것이므로 위험 점수를 높이지 않습니다.

4. **사회공학 패턴**: 발신자/도메인 위장, 급박한 금전 요구, 로그인/다운로드 링크의 사회공학적 패턴이 발견되지 않았습니다. 이메일 내용은 일반적인 광고로 보입니다.

따라서, 이 이메일은 위험하지 않다고 판단됩니다.

### 안전한 후속 조치:
1. **사용자 알림**: 해당 이메일이 광고성 이메일임을 사용자에게 알리고, 클릭 시 주의할 것을 권장합니다.
2. **모니터링**: 이메일의 링크를 클릭한 사용자의 행동을 모니터링하여 의심스러운 활동",normal
19abdcd5f6a9f496,You have 4 notifications about Bình Tân and others,"========================================
View your notifications
https://www.facebook.com/nd/?notifications%2F&aref=1764120929722421&medium=email&mid=644751fc55d63G37fe04726431G64475695b6035G32b&bcode=2.1764120932.Ab2Sd7056gAsO7Jw-KrdzOsJqig&n_m=jiho6367%40gmail.com&n_sg=Q6bPBAIBQqqw-YgryHQPq9R2HZifXDFpHGCcCbbbdUGALIIITA&lloc=primary_cta_view_notifications_text&rms=v2&irms=1


Go to Facebook
https://www.facebook.com/nd/?aref=1764120929722421&medium=email&mid=644751fc55d63G37fe04726431G6447",normal,0.9762,"이 이메일은 위험하지 않은 것으로 판단됩니다. 다음은 그 이유입니다:

1. **Gmail 분류 결과**: 이메일은 'UNREAD', 'CATEGORY_UPDATES', 'INBOX'로 분류되어 있으며, 이는 일반적인 업데이트 이메일로 보입니다.
2. **인증 상태**: SPF, DKIM, DMARC 모두 통과하여 발신자의 신뢰성을 높입니다.
3. **링크 및 첨부 파일**: 이메일에는 링크가 포함되어 있지만, 첨부 파일은 없으며, 링크는 Facebook의 공식 도메인으로 연결됩니다. 

위의 정책 항목을 고려했을 때, 이 이메일은 위험 점수가 낮고 정상으로 평가됩니다.

안전한 후속 조치:
1. **링크 클릭 전 확인**: 링크를 클릭하기 전에 마우스를 올려 실제 URL을 확인합니다.
2. **계정 보안 점검**: Facebook 계정의 보안 설정을 점검하고, 2단계 인증을 활성화합니다.
3. **스팸 필터 설정**: 스팸 필터를 강화하여 의심스러운 이메일이 수신되지 않도록 설정합니다.",normal
19abd930256c7574,Weekly Picks: 🤖 The AI titan turning bubble fears into cash flow + Black Friday 50% off early access,"Plus: 🎮 The tiny studio with a top-0.4% wishlist hit    Simply
Wall St Community ( https://l.p.simplywall.st/ss/c/u001.z2q9iH8nJTMhV1QAA02yBuEbCINYB4-KHeUQo72wwHdhErS4Zkl_jleicRah-f5Kc0RVzsyVzjipk2-t9KZYTA/4lx/N5Q2FRVWRga2j6JfAad2EQ/t0/h001.6Ijtp_IXS_v6Fdhjf7J6anf0x73MaL91arQRSfBfVss )

************
Weekly Picks
************

Hey 아안,

Welcome to Weekly Picks, where each week our analysts handpick
their favorite Narratives.

Narratives are a game-changing way for investors to make
sm",normal,0.6648,"이 이메일은 다음과 같은 이유로 위험하지 않은 것으로 판단됩니다:

1. **Gmail 분류 결과**: 이메일은 'UNREAD', 'CATEGORY_UPDATES', 'INBOX'로 분류되어 있으며, 이는 일반적인 업데이트 이메일로 보입니다.
2. **인증 상태**: SPF, DKIM, DMARC 모두 통과하여 발신자의 신뢰성을 확인할 수 있습니다.
3. **링크 및 첨부 파일**: 이메일에는 첨부 파일이 없으며, 링크는 특정 웹사이트로 연결되지만, 일반적인 정보 제공 목적으로 보입니다.

위 정책 항목을 고려했을 때, 이메일은 위험하지 않다고 판단됩니다.

안전한 후속 조치:
1. **사용자 알림**: 사용자가 이 이메일을 확인했음을 알리고, 필요시 추가 정보를 제공하도록 합니다.
2. **모니터링**: 이메일의 링크를 클릭하기 전에 해당 웹사이트의 신뢰성을 확인하도록 사용자에게 안내합니다.
3. **정기적인 교육**: 사용자에게 피싱 및 사회공학적 공격에 대한 교육을 제공하여 이메일의 안전성을 높입니다.",normal
19abcf44c88d9046,삼성계정 개인정보 이용내역 정기 안내,"<!doctype html>
<html lang=""ko"">
  <head>
    <meta charset=""utf-8"" />
    <title>삼성 어카운트 개인정보 이용내역 정기안내</title>
    <meta
      name=""viewport""
      content=""width=device-width, initial-scale=1.0, user-scalable=no""
    />
    <link
      type=""text/css""
      href=""https://account.samsung.com/accounts/v1/resources/one-ui/css/webfont.css""
    />
  </head>

  <body>
    <table
      width=""100%""
      style=""
        width: 100%;
        max-width: 1280px;
        border-col",normal,0.9848,"이 이메일은 위험하지 않은 것으로 판단됩니다. 다음은 그 이유입니다:

1. **Gmail 분류 결과**: 이메일은 'CATEGORY_UPDATES'와 'INBOX'로 분류되어 있습니다. 이는 일반적인 업데이트 이메일로 보입니다.
2. **인증 상태**: SPF, DKIM, DMARC 모두 통과하였으므로 발신자의 신뢰성을 확인할 수 있습니다.
3. **링크 및 첨부파일**: 이메일에는 첨부파일이 없으며, 링크는 삼성 계정 관련 페이지로 연결됩니다. 이는 일반적인 기업의 개인정보 안내 이메일에서 기대할 수 있는 형태입니다.

위 정책 항목을 고려할 때, 이메일은 위험 점수가 낮고 정상으로 평가됩니다.

**안전한 후속 조치**:
1. 이메일 내용을 확인하고, 링크를 클릭하기 전에 URL을 확인하여 진짜 삼성 웹사이트인지 검증합니다.
2. 이메일 발신자의 주소를 확인하여 공식 도메인인지 확인합니다.
3. 이메일의 내용이 실제로 삼성 계정의 정책과 일치하는지 확인하고, 의심스러운 부분이 있으면 삼성 고객센터에 문의합니다.",normal
19ab8a1197ffbb70,👤 Bình Tân Đi Khách is a new friend suggestion for you,"========================================
Find more friends
https://www.facebook.com/nd/?friends%2Fcenter%2F&aref=1763603948363223&medium=email&mid=64460ea97b8f6G37fe04726431G643fd0addddd7G114&bcode=2.1764034141.Ab3Pgj5MSo8eO4RD5Yz3Llzk8cc&n_m=jiho6367%40gmail.com&n_sg=Q6bPBAKKcNHUtO4kOcFcbHJjGO-L2OYV_Dwtlnl98kNhIoQG3A&lloc=cta_text&rms=v2&irms=1

========================================

Hi Jiho,

Add the people you know to see their photos and updates.

Thanks,
The Facebook team


",normal,0.9805,"이 이메일은 위험하지 않은 것으로 판단됩니다. 다음은 그 이유입니다:

1. **Gmail 분류 결과**: 이메일은 'UNREAD', 'CATEGORY_SOCIAL', 'INBOX'로 분류되어 있으며, 이는 일반적인 소셜 미디어 알림 이메일로 보입니다.
2. **인증 상태**: SPF, DKIM, DMARC 모두 통과하여 발신자의 신뢰성을 높입니다.
3. **링크 및 첨부파일**: 이메일에는 첨부파일이 없고, 링크는 Facebook의 공식 링크로 보입니다. 그러나 링크 클릭 시 주의가 필요합니다.

위 정책 항목을 기반으로 한 안전한 조치는 다음과 같습니다:

1. **링크 클릭 전 확인**: 링크를 클릭하기 전에 마우스를 올려 실제 URL을 확인하고, 의심스러운 경우 클릭하지 않도록 합니다.
2. **발신자 확인**: 발신자가 실제 Facebook 팀인지 확인하기 위해 이메일 주소를 검토합니다.
3. **정기적인 보안 점검**: 이메일 계정의 보안 설정을 정기적으로 점검하고, 비밀번호를 주기적으로 변경하여 보안을 강화합니다. 

이메일은 정상으로 판단되지만, 항상 주의가 필요합니다.",normal
19ad9c5ed6bda3f9,배송 지연 안내 - 확인 필요,"고객님, 안녕하세요.
귀하의 택배가 주소 오류로 인해 배송이 지연되고 있습니다.
정확한 배송을 위해 아래 링크에서 주소를 다시 입력해 주시기 바랍니다:
http://delivery-update.example.org/confirm

24시간 내 확인이 없을 경우 배송이 취소될 수 있습니다.


<html><head><style>p{margin-top:0px;margin-bottom:0px;}</style></head><body><div style=""font-size:14px; font-family:NanumGothic,나눔고딕,sans-serif;""><div>고객님, 안녕하세요.</div><div><span>귀하의 택배가 주소 오류로 인해 배송이 지연되고 있습니다.</span></div><div><span>정확한 배송을 위해 아래 링크에서 주소를 다시 입력해 주시기 바랍니다:</span></div><div><span><a href=""http://delivery-update.exampl",normal,0.5823,"이 이메일은 위험성이 낮다고 판단됩니다. 다음은 그 이유입니다:

1. **Gmail 분류 결과**: 이메일은 'IMPORTANT'로 분류되었으나, 이를 그대로 신뢰하지 않으므로 추가 검토가 필요합니다.
2. **인증 상태**: SPF, DKIM, DMARC 모두 통과하여 발신자의 신뢰성을 높입니다.
3. **사회공학 패턴**: 링크 클릭을 유도하는 내용이 포함되어 있지만, 발신자 도메인 위장이나 금전 요구는 명시되어 있지 않습니다. 그러나 긴급성을 강조하는 문구는 주의가 필요합니다.

위의 정책 항목을 바탕으로 다음과 같은 안전한 조치를 추천합니다:

1. **링크 검증**: 이메일에 포함된 링크를 클릭하기 전에 URL을 확인하고, 의심스러운 경우 직접 배송업체의 공식 웹사이트를 방문하여 정보를 확인합니다.
2. **사용자 알림**: 해당 이메일에 대해 사용자에게 경고 메시지를 발송하여 링크 클릭 시 주의할 것을 알립니다.
3. **모니터링**: 이메일 수신자의 행동을 모니터링하여 의심스러운 활동이 발생할 경우 즉시 대응할 수 있도록 합니다.",phishing
19ad9c55f2bdefa2,[긴급] 고객님의 계정이 잠겼습니다,"안녕하세요, ○○은행 고객님.
최근 보안 점검 과정에서 귀하의 계정에서 비정상적인 로그인 시도가 확인되었습니다.
계정을 보호하기 위해 임시로 잠금 조치가 이루어졌습니다.

아래 링크를 클릭하여 본인 확인을 진행해 주시기 바랍니다:
http://secure-bank-check.example.com/login

확인하지 않으면 계정이 영구적으로 제한될 수 있습니다.


<html><head><style>p{margin-top:0px;margin-bottom:0px;}</style></head><body><div style=""font-size:14px; font-family:NanumGothic,나눔고딕,sans-serif;""><div><br></div><div><span>안녕하세요, ○○은행 고객님.</span></div><div><span>최근 보안 점검 과정에서 귀하의 계정에서 비정상적인 로그인 시도가 확인되었습니다.</span></div><div><span>계정을 보호하기 위해 임",normal,0.7244,"이 이메일은 위험하다고 판단됩니다. 다음은 그 이유입니다:

1. **사회공학 패턴**: 이메일은 ""계정이 잠겼다""는 긴급한 메시지를 통해 사용자의 즉각적인 행동을 유도하고 있습니다. 이는 발신자/도메인 위장 및 급박/금전 요구의 사회공학 패턴에 해당합니다.

2. **링크 포함**: 이메일 본문에 포함된 링크는 사용자가 클릭하도록 유도하며, 이는 피싱 공격의 전형적인 수법입니다. 정책에 따라 링크가 포함된 경우 위험 점수를 높여야 합니다.

3. **Gmail 분류 결과**: Gmail의 분류 결과는 'IMPORTANT'로 표시되지만, 이를 그대로 신뢰하지 않도록 명시되어 있습니다. 실제로 이메일의 내용은 신뢰할 수 없는 요소가 많습니다.

따라서 이 이메일은 위험하다고 판단됩니다.

**안전한 조치 세 가지**:
1. **이메일 격리**: 해당 이메일을 즉시 격리하여 추가적인 피해를 방지합니다.
2. **사용자 알림**: 조직 내 모든 사용자에게 해당 이메일의 위험성을 알리고, 유사한 이메일에 주의할 것을 권장합니다.
3. **모니터링 강화**: 해당 계정 및 관련 계정의 로그인 시도를 모니터링하여 비정상적인 활동이 발생하지 않도록 합니다.",phishing
19ad9d1a88325774,New Invoice #2025-118 — Payment Required,"보낸 사람: “Finance Dept billing@micros0ft-invoice.com”
본문:
Attached is the invoice for your recent service usage.
Please review and complete the payment by December 5th to avoid late fees.
첨부 파일: Invoice_2025_118.pdf.zip
Thank you,
Microsoft Billing Team

<html><head><style>p{margin-top:0px;margin-bottom:0px;}</style></head><body><div style=""font-size:14px; font-family:NanumGothic,나눔고딕,sans-serif;""><h3><strong style=""font-size: 14px;"">보낸 사람:</strong><span style=""font-size: 14px;""> “Finance Dept </s",normal,0.8891,"이 이메일은 위험성이 낮다고 판단되지만, 몇 가지 주의할 점이 있습니다. 

1. **발신자 도메인 위장**: 발신자의 이메일 주소가 ""billing@micros0ft-invoice.com""으로, ""Microsoft""라는 이름을 사용하고 있지만 도메인이 ""micros0ft""로 오타가 있습니다. 이는 발신자 위장 가능성을 시사합니다. (정책 항목: 발신자/도메인 위장 검토)

2. **사회공학 패턴**: 이메일 본문에서 ""지급 기한""과 ""연체료""를 언급하며 급박감을 조성하고 있습니다. 이는 사회공학적 공격의 전형적인 패턴입니다. (정책 항목: 급박/금전 요구 패턴 검토)

3. **첨부 파일**: 이메일에는 ""Invoice_2025_118.pdf.zip""이라는 압축 파일이 첨부되어 있습니다. 이는 악성 코드가 포함될 가능성이 있으므로 주의가 필요합니다. (정책 항목: 링크·첨부 파일이 있을 경우 위험 점수 증가)

위의 이유로 인해 이메일은 정상으로 분류되었지만, 여전히 주의가 필요합니다. 

### 안전한 조치:
1. **이메일 발신자 확인**: 발신자의 이메일 주소와 도메인을 확인하고, 실제 Microsoft의 공식 이메일인지 검증합니다.
2. **첨부 파일 스캔**: 첨부",phishing
19ad9c72458940e0,계정 저장 공간 초과 - 조치 필요,"고객님의 이메일 계정 저장 공간이 한도에 도달했습니다.
서비스 이용을 계속하시려면 아래 링크에서 추가 저장 공간을 활성화해 주시기 바랍니다:
http://mail-storage-alert.example.net/upgrade

조치를 취하지 않으면 계정이 정지될 수 있습니다.


<html><head><style>p{margin-top:0px;margin-bottom:0px;}</style></head><body><div style=""font-size:14px; font-family:NanumGothic,나눔고딕,sans-serif;""><div>고객님의 이메일 계정 저장 공간이 한도에 도달했습니다.</div><div><span>서비스 이용을 계속하시려면 아래 링크에서 추가 저장 공간을 활성화해 주시기 바랍니다:</span></div><div><span><a href=""http://mail-storage-alert.example.net/upgrade"" target=""_blank"" rel",normal,0.8444,"이 이메일은 다음과 같은 이유로 위험하지 않다고 판단됩니다:

1. **인증 통과**: SPF, DKIM, DMARC 모두 통과하여 발신자의 신뢰성을 높입니다. 이는 정책 항목 중 ""SPF/DKIM/DMARC가 실패하면 위험 점수를 높인다""는 기준에 부합하지 않습니다.
   
2. **링크 및 첨부 파일**: 이메일에는 링크가 포함되어 있지만, 첨부 파일은 없습니다. 그러나 링크의 도메인이 의심스러운 경우(예: 공식 도메인이 아닌 경우)에는 위험 점수를 높일 수 있습니다. 이 경우 링크는 일반적인 이메일 저장 공간 관련 경고로 보입니다.

3. **사회공학 패턴**: 이메일 내용은 계정 저장 공간 초과에 대한 경고로, 일반적인 피싱 이메일에서 보이는 급박한 금전 요구나 로그인 링크가 포함되어 있지 않습니다. 따라서 사회공학적 패턴이 발견되지 않았습니다.

따라서, 이메일은 정상으로 판단되지만, 다음과 같은 안전 조치를 권장합니다:

1. **링크 확인**: 링크를 클릭하기 전에 도메인을 확인하고, 공식 웹사이트와 비교하여 진위 여부를 확인합니다.
   
2. **사용자 교육**: 직원들에게 이메일의 사회공학적 공격 패턴에 대한 교육을 실시하여 유사한 이메일에 대한 경각심을 높입니다.

3. **모니터링**: 해당 이메일의 발신자와",phishing
19ad9d01135865db,⚠️ Your Account Has Been Suspended — Action Required,"Hello,
We detected unusual sign-in activity on your Google account from Seoul, South Korea.
Your account has been temporarily suspended to protect your information.
Please verify your identity within 24 hours to avoid permanent closure:
👉 https://goog1e-verification-center.com/security-check
Thank you,
Google Account Team

<html><head><style>p{margin-top:0px;margin-bottom:0px;}</style></head><body><div style=""font-size:14px; font-family:NanumGothic,나눔고딕,sans-serif;""><h3><span style=""font-size: 1",normal,0.9514,"이 이메일은 위험하다고 판단됩니다. 다음은 그 이유와 관련된 정책 항목입니다:

1. **사회공학 패턴 검토**: 이메일 제목과 본문에서 ""계정 정지"" 및 ""24시간 이내에 확인""이라는 긴급성을 강조하고 있습니다. 이는 사용자로 하여금 즉각적인 행동을 유도하는 전형적인 피싱 기법입니다.

2. **링크 검토**: 제공된 링크(https://goog1e-verification-center.com/security-check)는 공식 Google 도메인이 아닙니다. 이는 발신자/도메인 위장으로 의심됩니다.

3. **Gmail 분류 결과**: Gmail의 분류 결과는 '정상'으로 나타나지만, 이는 신뢰할 수 없습니다. 이메일의 내용과 링크를 고려할 때, 실제로는 위험한 이메일입니다.

따라서, 다음과 같은 안전한 조치를 권장합니다:

1. **이메일 삭제**: 해당 이메일을 즉시 삭제하여 추가적인 위험을 방지합니다.
2. **사용자 교육**: 조직 내 사용자들에게 피싱 이메일의 특징과 대처 방법에 대한 교육을 실시합니다.
3. **보안 소프트웨어 업데이트**: 최신 보안 소프트웨어를 사용하여 이메일 및 웹 링크의 안전성을 지속적으로 모니터링합니다.",phishing
19ad9cf3864625ba,[GitHub] SSH Key Breach Detected — Reset Required,"보낸 사람: GitHub Security alerts@github-securekeys.app
본문:
We detected unauthorized access using your SSH key.
For your safety, SSH access has been restricted.
Reset your key immediately using the link below:
→ https://github-securekeys.app/reset
Failure to act may result in account lock.
GitHub Security Team

<html><head><style>p{margin-top:0px;margin-bottom:0px;}</style></head><body><div style=""font-size:14px; font-family:NanumGothic,나눔고딕,sans-serif;""><h3><br></h3>
<h3><strong>보낸 사람:</strong> Git",normal,0.9867,"이 이메일은 위험할 수 있는 요소가 몇 가지 있습니다. 다음은 위험 평가의 이유입니다:

1. **발신자 도메인 위장**: 이메일의 발신자는 ""alerts@github-securekeys.app""로 보이지만, GitHub의 공식 도메인은 ""github.com""입니다. 이는 발신자 도메인 위장에 해당합니다.
2. **사회공학 패턴**: 이메일 본문에서 ""즉시 조치를 취하지 않으면 계정이 잠길 수 있다""는 긴급성을 강조하고 있습니다. 이는 사용자를 압박하여 행동을 유도하는 사회공학적 기법입니다.
3. **링크 포함**: 이메일에는 링크가 포함되어 있으며, 이는 피싱 공격의 일반적인 징후입니다. 사용자가 링크를 클릭하면 악성 사이트로 유도될 수 있습니다.

정책 항목을 참고하면:
- ""발신자/도메인 위장""과 ""급박/금전 요구""를 우선 검토하라는 지침이 있습니다.
- 링크가 포함되어 있어 위험 점수를 높여야 합니다.

따라서 이 이메일은 위험하다고 판단됩니다.

**안전한 조치 세 가지**:
1. 이메일을 즉시 삭제하고, 링크를 클릭하지 않도록 주의합니다.
2. GitHub 공식 웹사이트에 직접 로그인하여 SSH 키 상태를 확인하고, 필요한 경우 키를 재설정합니다.
3. IT 보안 팀에 이 이메일에 대해 보고하여 추가 조",phishing
api-20251207071006-1ded9c3f82,,"당신은 user-auth 모듈(React 프론트 + Express 백엔드 + MySQL)을 개선해야 합니다. 모노레포 구조:
• ./client-react (메인 논문 카드 앱)
• ./server (메인 카드 백엔드)
• ./user-auth (로그인/회원가입 + 팀/프로젝트 그룹 관리)백엔드: ./user-auth/server.js (Express, 포트 3001, MySQL world DB: userTable, projectGroup, teamMember)
• 프론트: ./user-auth/src/*
1. 목표보안/기능 품질 개선: 비밀번호 해싱, 입력 검증, 일관된 API 응답, 세션/쿠키 보안.
2. 팀/그룹 생성/멤버 추가 기능의 중복/유효성 문제 해결.
3. DB 제약(UNIQUE/FK/INDEX) 설계 제안.
4. UI/UX를 메인 앱과 통일: 토큰/색상/레이아웃/피드백 일관화.
5. 반드시 포함해야 할 지시사항문제 요약
• 그룹 생성/멤버 추가 시 중복/유효하지 않은",normal,0.8162,"이 이메일은 위험성이 낮다고 판단되지만, 몇 가지 주의할 점이 있습니다. 

1. **위험 점수 상승 요인**: SPF, DKIM, DMARC가 모두 실패했기 때문에 발신자의 신뢰성을 의심할 수 있습니다. 이는 정책의 두 번째 항목인 ""SPF/DKIM/DMARC가 실패하면 위험 점수를 높인다""에 해당합니다.

2. **사회공학 패턴 검토**: 이메일 내용은 기술적인 개선 사항에 대한 설명으로, 급박한 금전 요구나 로그인 링크가 포함되어 있지 않으므로 사회공학적 패턴은 발견되지 않았습니다. 그러나 발신자와 도메인 위장 가능성은 여전히 존재합니다.

3. **후속 조치**: 조직 보안 정책에 따라 이 이메일을 격리하고, 사용자가 발신자에 대해 확인할 수 있도록 알림을 제공하는 것이 좋습니다.

### 안전한 조치
1. **이메일 격리**: 해당 이메일을 격리하여 추가적인 분석을 진행합니다.
2. **사용자 알림**: 사용자에게 SPF, DKIM, DMARC 실패에 대한 경고를 전달하고, 발신자 확인을 요청합니다.
3. **모니터링**: 해당 발신자의 이메일 활동을 모니터링하여 추가적인 의심스러운 행동이 있는지 확인합니다.",normal
api-20251207071213-8e00a1782a,,"당신은 user-auth 모듈(React 프론트 + Express 백엔드 + MySQL)을 개선해야 합니다. 모노레포 구조:
• ./client-react (메인 논문 카드 앱)
• ./server (메인 카드 백엔드)
• ./user-auth (로그인/회원가입 + 팀/프로젝트 그룹 관리)백엔드: ./user-auth/server.js (Express, 포트 3001, MySQL world DB: userTable, projectGroup, teamMember)
• 프론트: ./user-auth/src/*
1. 목표보안/기능 품질 개선: 비밀번호 해싱, 입력 검증, 일관된 API 응답, 세션/쿠키 보안.
2. 팀/그룹 생성/멤버 추가 기능의 중복/유효성 문제 해결.
3. DB 제약(UNIQUE/FK/INDEX) 설계 제안.
4. UI/UX를 메인 앱과 통일: 토큰/색상/레이아웃/피드백 일관화.
5. 반드시 포함해야 할 지시사항문제 요약
• 그룹 생성/멤버 추가 시 중복/유효하지 않은",normal,0.8162,"이 이메일은 여러 보안 위험 요소를 포함하고 있습니다. 다음은 위험 평가의 이유와 안전한 조치입니다.

### 위험 평가 이유:
1. **SPF/DKIM/DMARC 실패**: 이메일의 인증 메커니즘(SPF, DKIM, DMARC)이 모두 실패하였으므로, 발신자의 신뢰성을 의심해야 합니다. 이는 정책 항목 중 ""SPF/DKIM/DMARC가 실패하면 위험 점수를 높인다""에 해당합니다.
2. **사회공학적 패턴**: 이메일 내용이 특정 모듈 개선에 대한 지시사항을 포함하고 있으며, 이는 기술적 세부사항을 요구하는 형태로 사회공학적 공격의 가능성을 내포하고 있습니다. 이는 ""발신자/도메인 위장, 급박/금전 요구""를 검토해야 한다는 정책 항목과 관련이 있습니다.
3. **링크 및 첨부 파일 부재**: 이메일에는 링크나 첨부 파일이 없지만, 내용의 성격상 추가적인 정보 요청이나 링크가 포함될 가능성이 있습니다.

### 안전한 조치:
1. **발신자 확인**: 이메일의 발신자를 확인하고, 해당 발신자가 신뢰할 수 있는지 검증합니다. 필요한 경우, 직접 연락하여 확인합니다.
2. **모니터링 및 격리**: 해당 이메일을 격리하고, 관련된 시스템이나 사용자에게 알림을 통해 주의를 환기시킵",normal
19adbf50348a68c1,Final days! Grab a 50% discount now,"Get 50% off on our Premium and Unlimited plans. Hurry, limited
time only  Simply Wall St Simply Wall St Our Black Friday Sale is
ending soon 
( https://l.p.simplywall.st/ss/c/u001.z2q9iH8nJTMhV1QAA02yBmiiLa2x3QbhcFfp9tc31g_JmZg8OKWQ7bQKxNAeGUwOA1Xc_AgG5MZFHUQN3lW3GclNTR9s8um7lBi8yzNtV0vR_4WEmHD8grMAJtH8RFqA8qOLgpo-Qy8oGaV7qYbhdw/4m2/X2cW5An_RoKOvGM4_O7eXQ/t0/h001.gNE8crkxGiRQPE7AI9Rk_c0vuvlZp13Arbfq_eaQBU0 Black Friday 2025 2&utm_content=Email )
 Our Black Friday Sale is ending soon 
( http",normal,0.9755,"이 이메일은 다음과 같은 이유로 위험하지 않다고 판단됩니다:

1. **Gmail 분류 결과**: 이메일은 ""UNREAD"", ""CATEGORY_UPDATES"", ""INBOX""로 분류되어 있으며, 이는 일반적인 마케팅 이메일로 보입니다.
2. **인증 상태**: SPF, DKIM, DMARC 모두 통과하여 발신자의 신뢰성을 높입니다.
3. **링크 및 첨부 파일**: 이메일에는 첨부 파일이 없으며, 링크는 마케팅 목적으로 보입니다.

그러나 이메일의 내용이 마케팅 프로모션이므로, 사용자가 주의해야 할 점이 있습니다. 

**안전한 후속 조치**:
1. **링크 클릭 전 확인**: 링크를 클릭하기 전에 URL을 마우스 오버하여 실제 주소를 확인합니다.
2. **발신자 확인**: 발신자의 이메일 주소를 확인하여 공식 도메인인지 검토합니다.
3. **정기적인 보안 교육**: 사용자에게 사회공학적 공격에 대한 교육을 제공하여 의심스러운 이메일을 인식하도록 합니다. 

이메일은 현재로서는 위험 요소가 없지만, 항상 주의가 필요합니다.",normal
19ada9079a1064d2,[GitHub] Sudo email verification code,"Hey, jiho6367-design!

Here is your GitHub sudo authentication code: 37520077
This code is valid for 15 minutes and can only be used once.

Please don't share this code with anyone: we'll never ask for it on the phone or via email.
Thanks,
The GitHub Team

<!DOCTYPE html PUBLIC ""-//W3C//DTD XHTML 1.0 Transitional//EN"" ""http://www.w3.org/TR/xhtml1/DTD/xhtml1-transitional.dtd"">
<html xmlns=""http://www.w3.org/1999/xhtml"" xmlns=""http://www.w3.org/1999/xhtml"" lang=""en"" xml:lang=""en"" style=""f",normal,0.9169,"이 이메일은 GitHub에서 보낸 인증 코드 이메일로 보입니다. 다음은 위험 평가의 이유입니다.

1. **신뢰성 평가**: Gmail의 분류 결과는 'IMPORTANT'로 표시되었으나, 이를 그대로 신뢰하지 않기 때문에 추가 검토가 필요합니다.
2. **인증 정보**: SPF, DKIM, DMARC 모두 통과하여 발신자의 신뢰성을 높입니다. 이는 이메일이 실제 GitHub에서 발송된 것임을 나타냅니다.
3. **사회공학적 요소**: 이메일 본문에는 ""이 코드를 다른 사람과 공유하지 마세요""라는 경고가 포함되어 있습니다. 이는 일반적인 피싱 공격에서 사용되는 패턴이지만, GitHub의 공식적인 경고로 보입니다.
4. **링크 및 첨부파일**: 이메일에는 링크나 첨부파일이 없으므로 추가적인 위험 요소는 없습니다.

결론적으로, 이메일은 정상으로 판단되지만, 사용자가 인증 코드를 요청한 경우에만 신뢰할 수 있습니다. 따라서 다음과 같은 안전 조치를 권장합니다:

1. **사용자 알림**: 사용자가 이 이메일을 요청했는지 확인하고, 요청하지 않았다면 즉시 무시하도록 알립니다.
2. **모니터링**: 해당 계정의 로그인 활동을 모니터링하여 의심스러운 활동이 있는지 확인합니다.
3. **격리 조치**: 만약 사용자가 이 이메일을 요청하지",
19af7f8e118b9870,"[NH 금융보안센터] 최근 이상거래 감지, OTP 초기화 필요","회원님의 계좌에서 비정상적인 접근이 감지되었습니다.
보안을 위해 OTP 재등록이 필요합니다.
아래 인증 페이지에서 절차를 진행하여 주세요.
https://nh-secure-verify.center/login
미처리 시 계좌 출금이 차단될 수 있습니다.

<html><head><style>p{margin-top:0px;margin-bottom:0px;}</style></head><body><div style=""font-size:14px; font-family:NanumGothic,나눔고딕,sans-serif;""><p>회원님의 계좌에서 비정상적인 접근이 감지되었습니다.<br>
보안을 위해 OTP 재등록이 필요합니다.</p>
<p>아래 인증 페이지에서 절차를 진행하여 주세요.<br>
<a target=""_new"" class=""decorated-link cursor-pointer"">https://nh-secure-verify.center/login</a></p>
<p>미처리 시 계좌 출금이",normal,0.7628,"이 이메일은 위험한 요소를 포함하고 있습니다. 다음은 위험성을 평가한 이유입니다:

1. **사회공학적 패턴**: 이메일 본문에서 ""비정상적인 접근""과 ""OTP 재등록 필요""라는 문구는 사용자의 불안감을 조성하여 행동을 유도하는 전형적인 피싱 기법입니다. 이는 정책의 ""발신자/도메인 위장, 급박/금전 요구, 로그인/다운로드 링크의 사회공학 패턴""을 우선 검토하라는 항목에 해당합니다.

2. **링크 포함**: 이메일에는 인증 페이지로 유도하는 링크가 포함되어 있습니다. 이는 사용자가 클릭하도록 유도하여 개인 정보를 탈취하려는 시도로 해석될 수 있습니다.

3. **Gmail 분류 결과**: Gmail의 분류 결과는 ""정상""으로 나타나지만, 이는 항상 신뢰할 수 없으며, 이메일의 내용과 링크를 고려할 때 위험성이 높습니다.

위의 이유로 이 이메일은 위험하다고 판단됩니다.

안전한 조치:
1. **이메일 삭제**: 해당 이메일을 즉시 삭제하여 추가적인 위험을 방지합니다.
2. **발신자 확인**: 발신자의 실제 이메일 주소를 확인하고, 공식 웹사이트를 통해 직접 연락하여 상황을 확인합니다.
3. **사용자 교육**: 조직 내 사용자들에게 피싱 이메일의 특징과 대응 방법에 대한 교육을 실시하여 경각심을 높입니다.",phishing
19af7f89ccd06a31,배송지 정보 오류로 배송이 지연되고 있습니다,"고객님, 요청하신 택배가 배송지 주소 오류로 인해 보류되었습니다.
정확한 정보를 다시 확인해 주세요.
송장번호: 57KD-229193
주소 수정 링크:
http://koreacourier-check.info/track/update
24시간 내 미확인 시 택배가 반송될 수 있습니다. 

<html><head><style>p{margin-top:0px;margin-bottom:0px;}</style></head><body><div style=""font-size:14px; font-family:NanumGothic,나눔고딕,sans-serif;""><p>고객님, 요청하신 택배가 배송지 주소 오류로 인해 보류되었습니다.<br>
정확한 정보를 다시 확인해 주세요.</p>
<p>송장번호: 57KD-229193<br>
주소 수정 링크:<br>
<a target=""_new"" class=""decorated-link cursor-pointer"">http://koreacourier-check.info/t",normal,0.6539,"이 이메일은 위험성이 낮다고 판단되지만, 몇 가지 요소를 고려해야 합니다.

1. **Gmail 분류 결과**: 이메일은 'UNREAD', 'CATEGORY_PERSONAL', 'INBOX'로 분류되어 있습니다. 이는 일반적인 개인 이메일로 보이지만, 신뢰할 수 있는 분류는 아닙니다.

2. **인증 상태**: SPF, DKIM, DMARC 모두 통과했습니다. 이는 발신자가 신뢰할 수 있는 도메인에서 온 것임을 나타냅니다.

3. **사회공학 패턴**: 이메일 본문에는 주소 수정 링크가 포함되어 있으며, 이는 사용자에게 긴급성을 부여하여 클릭을 유도하는 사회공학적 요소입니다. 그러나 링크가 안전한 도메인인지 확인할 필요가 있습니다.

4. **링크 및 첨부 파일**: 이메일에는 링크가 포함되어 있지만, 첨부 파일은 없습니다. 링크가 의심스러운 도메인으로 연결되므로 주의가 필요합니다.

위의 정책 항목을 바탕으로, 이 이메일은 위험 점수가 낮지만, 링크 클릭 시 주의가 필요합니다.

**안전한 조치**:
1. 링크를 클릭하기 전에 URL을 직접 입력하여 확인합니다.
2. 이메일 발신자에게 직접 연락하여 배송지 주소 오류에 대한 진위를 확인합니다.
3. 이메일을 보낸 도메인에 대한 평판을 조사하여 신뢰성을 검토합니다.",phishing
19af7f80ae1265ca,[중요] 미결제 인보이스가 확인되었습니다 (즉시 납부 필요),"본문:
고객님, 아래 인보이스가 연체되어 자동 결제 제한이 설정되었습니다.
서비스 중단을 피하시려면 아래 링크에서 결제를 완료해 주세요.
미결제 인보이스 확인:
http://billing-naver-secure-pay.com/invoice/93812
총 금액: 187,900원
납부 기한: 6시간 이내
지원팀
고객센터 드림

<html><head><style>p{margin-top:0px;margin-bottom:0px;}</style></head><body><div style=""font-size:14px; font-family:NanumGothic,나눔고딕,sans-serif;""><p><br></p>
<p><strong>본문:</strong><br>
고객님, 아래 인보이스가 연체되어 자동 결제 제한이 설정되었습니다.<br>
서비스 중단을 피하시려면 아래 링크에서 결제를 완료해 주세요.</p>
<p>미결제 인보이스 확인:<br>
<a target=""_new"" class=""decorat",normal,0.6688,"이 이메일은 다음과 같은 이유로 위험성이 낮다고 판단됩니다:

1. **인증 통과**: SPF, DKIM, DMARC 모두 통과하여 발신자의 신뢰성을 높입니다. 이는 정책 항목 중 ""SPF/DKIM/DMARC가 실패하면 위험 점수를 높인다""는 기준에 부합하지 않습니다.
   
2. **링크 및 첨부 파일 없음**: 이메일에는 첨부 파일이 없으며, 링크는 있지만 인증된 도메인에서 온 것이 아닙니다. 그러나 링크가 위험하다고 판단하기에는 인증이 통과했기 때문에 위험 점수를 높이지 않습니다.

3. **사회공학 패턴**: 급박한 금전 요구와 관련된 내용이 포함되어 있지만, 발신자가 신뢰할 수 있는 것으로 판단되므로 위험성이 낮습니다.

그럼에도 불구하고, 다음과 같은 안전한 조치를 추천합니다:

1. **링크 확인**: 링크를 클릭하기 전에 URL을 직접 입력하여 사이트에 접속하거나, 고객센터에 직접 문의하여 진위를 확인합니다.
   
2. **모니터링**: 해당 이메일에 대한 사용자 반응을 모니터링하고, 유사한 이메일이 추가로 수신되는지 확인합니다.

3. **사용자 교육**: 직원들에게 사회공학적 공격에 대한 교육을 실시하여, 유사한 이메일을 받을 경우 주의할 수 있도록 합니다. 

이메일의 위험성은 낮지만, 항상 주의가 필요",phishing
19af8065a1b2bc14,CEO Fraud / Business Email Compromise,"Hi,
I’m in a meeting with external partners and cannot talk right now.
We must complete an urgent payment today to secure a contract renewal.
Transfer $48,300 to the vendor using the secure portal below:
https://executive-payment-portal.pro/transfer
Do this before 5 PM and reply to confirm once completed.
This is extremely time-sensitive — do not discuss with anyone else.
— CEO, Executive Office

<html><head><style>p{margin-top:0px;margin-bottom:0px;}</style></head><body><div style=""font-size:14",phishing,0.99,"이 이메일은 다음과 같은 이유로 위험하다고 판단됩니다:

1. **사회공학적 패턴**: 이메일 내용에서 발신자가 CEO를 사칭하며, 긴급한 결제를 요구하고 있습니다. 이는 발신자/도메인 위장 및 급박한 금전 요구의 전형적인 패턴입니다.
2. **링크 포함**: 이메일에는 ""secure portal""이라는 링크가 포함되어 있으며, 이는 사용자를 피싱 사이트로 유도할 가능성이 높습니다. 정책에 따라 링크가 포함된 경우 위험 점수를 높여야 합니다.
3. **비밀 유지 요구**: ""다른 사람과 논의하지 말라""는 문구는 수신자가 의심을 품지 않도록 하려는 시도로, 이는 사회공학적 공격의 전형적인 특징입니다.

이메일의 SPF, DKIM, DMARC 인증이 모두 통과했지만, 이는 발신자의 신뢰성을 보장하지 않으며, 이메일의 내용과 맥락에서 위험성이 더 큽니다.

안전한 후속 조치:
1. **이메일 격리**: 해당 이메일을 격리하여 추가적인 피해를 방지합니다.
2. **사용자 알림**: 조직 내 모든 사용자에게 이와 유사한 피싱 공격에 대한 경각심을 높이기 위한 알림을 발송합니다.
3. **모니터링**: 해당 이메일의 발신자 도메인 및 링크에 대한 모니터링",phishing
19af8060d7ef44f2,Job Scam,"Hello,
We reviewed your public profile and believe you're the perfect match for a remote data-entry position paying $6,000/month.
No interview required. All you need to do is complete the onboarding form:
http://hr-verification-form-careers.com/onboard
To activate payroll, please upload a photo of your ID and fill in your bank account details.
Applicants must submit documents within 24 hours to reserve the position.
This message is confidential. Do not reply.

<html><head><style>p{margin-top:0px",phishing,0.99,"이 이메일은 위험한 요소가 많아 피싱으로 판단됩니다. 다음은 위험한 이유와 관련된 정책 항목입니다.

1. **사회공학 패턴**: 이메일 본문에서 ""면접 없이"" 고용을 제안하고, ""24시간 이내에 서류 제출""을 요구하는 급박한 압박감이 있습니다. 이는 사회공학적 기법으로, 사용자를 속이기 위한 전형적인 방법입니다.
   
2. **링크 포함**: 이메일에 포함된 링크는 신뢰할 수 없는 도메인(http://hr-verification-form-careers.com/onboard)으로, 사용자의 개인 정보를 탈취할 가능성이 높습니다. 이는 정책에서 언급한 ""링크·첨부 파일이 있으면 위험 점수를 높인다""는 항목에 해당합니다.

3. **금전 요구**: ID 사진과 은행 계좌 정보 제출을 요구하는 것은 금전적 정보를 탈취하려는 의도가 명확합니다. 이는 발신자/도메인 위장 및 금전 요구와 관련된 위험 요소입니다.

따라서 이 이메일은 피싱으로 판단되며, 다음과 같은 안전한 조치를 취해야 합니다:

1. **이메일 삭제**: 해당 이메일을 즉시 삭제하여 추가적인 피해를 방지합니다.
   
2. **사용자 알림**: 조직 내 사용자들에게 이와 유사한 피싱 이메일에 대한 경각심을 높이기 위해 알림을 발송합니다.

3. **",phishing
19af805c6e99ba40,Exclusive Early Access: Guaranteed 800% Crypto Return,"Dear investor,
You have been selected for a private investment round of our new blockchain token XG-Pro.
Early buyers are receiving up to 800% guaranteed return within 30 days.
To participate, complete your registration and wallet verification here:
https://secure-crypto-launchpad.vip/register
Only 50 slots remain. Funds must be transferred within 2 hours to secure your position.
Failure to act may result in the loss of your eligibility for this high-profit opportunity.
Do not share this confide",phishing,0.99,"이 이메일은 다음과 같은 이유로 위험하다고 판단됩니다:

1. **사회공학적 패턴**: 이메일은 ""800% 보장된 수익""과 같은 비현실적인 투자 수익을 제안하며, 긴급성을 강조하여 사용자가 즉각적인 행동을 하도록 유도합니다. 이는 발신자/도메인 위장 및 급박/금전 요구의 사회공학 패턴에 해당합니다.

2. **링크 포함**: 이메일 본문에 포함된 링크는 사용자가 등록 및 지갑 인증을 위해 클릭하도록 유도합니다. 이는 피싱 공격의 일반적인 수법입니다.

3. **Gmail 분류 결과**: Gmail의 분류 결과는 'UNREAD', 'CATEGORY_PERSONAL', 'INBOX'로 나타나지만, 이는 신뢰할 수 없으며, 이메일 내용과 신뢰성에 대한 추가 검토가 필요합니다.

정책 항목을 기반으로 한 위험 점수는 높으며, 다음과 같은 안전한 조치를 권장합니다:

1. **이메일 삭제**: 의심스러운 이메일은 즉시 삭제하여 추가적인 위험을 방지합니다.

2. **사용자 교육**: 조직 내 모든 사용자에게 피싱 이메일의 특징과 대응 방법에 대한 교육을 실시합니다.

3. **보안 모니터링 강화**: 이메일 시스템에 대한 보안 모니터링을 강화하고, 의심스러운 활동이 감지되면 즉각적으로 대응할 수 있는 절차를",phishing
19af7f92da3e9704,브라우저 보안 업데이트 실패 — 직접 설치 필요,"최근 Google Chrome 보안 업데이트가 자동 설치되지 않았습니다.
보안 취약점이 존재하므로 최신 버전을 직접 설치해야 합니다.
아래 다운로드 링크에서 최신 보안 패치 파일을 설치해 주세요.
http://chrome-update-center.net/download/secure_patch.exe
지연 시 개인정보 유출 위험이 매우 높습니다.

<html><head><style>p{margin-top:0px;margin-bottom:0px;}</style></head><body><div style=""font-size:14px; font-family:NanumGothic,나눔고딕,sans-serif;""><p>최근 Google Chrome 보안 업데이트가 자동 설치되지 않았습니다.<br>
보안 취약점이 존재하므로 최신 버전을 직접 설치해야 합니다.</p>
<p>아래 다운로드 링크에서 최신 보안 패치 파일을 설치해 주세요.<br>
<a target=""_new"" class=""decorat",phishing,0.99,"이 이메일은 다음과 같은 이유로 위험합니다:

1. **사회공학적 패턴**: 이메일은 보안 업데이트를 가장하여 사용자가 직접 링크를 클릭하여 파일을 다운로드하도록 유도하고 있습니다. 이는 발신자/도메인 위장 및 급박한 금전 요구와 관련된 사회공학적 패턴에 해당합니다.

2. **링크 포함**: 이메일 본문에 다운로드 링크가 포함되어 있으며, 이는 위험 점수를 높이는 요소입니다. 사용자가 해당 링크를 클릭하면 악성 소프트웨어가 설치될 수 있습니다.

3. **Gmail 분류 결과**: Gmail의 분류 결과는 신뢰하지 않지만, 이메일이 개인 카테고리로 분류된 점은 추가적인 경고 신호로 작용할 수 있습니다.

따라서 이 이메일은 피싱으로 판단됩니다.

안전한 조치:
1. 이메일을 즉시 삭제합니다.
2. 발신자에게 직접 확인하여 이메일의 진위를 검증합니다.
3. 조직의 보안 팀에 이 이메일을 신고하여 추가적인 조치를 취하도록 합니다.",phishing
19af7f7a215ba933,[긴급] 회원님의 Google 계정이 보안 문제로 잠겼습니다,"본문:
안녕하세요. 최근 회원님의 Google 계정에서 의심스러운 로그인 시도가 확인되었습니다.
보안을 위해 계정이 임시 잠금 상태로 변경되었습니다.
아래 링크에서 본인 인증을 24시간 이내에 완료해 주세요.
확인 지연 시 계정이 영구 비활성화될 수 있습니다.
본인 인증 바로가기:
http://google-security-alert-center.com/login-verify
문의가 필요하시면 본 메일에 즉시 회신해 주세요.

<html><head><style>p{margin-top:0px;margin-bottom:0px;}</style></head><body><div style=""font-size:14px; font-family:NanumGothic,나눔고딕,sans-serif;""><h1><strong style=""font-size: 14px;"">본문:</strong></h1><p>
안녕하세요. 최근 회원님의 Google 계정에서 의심스러운 로그인 시도가 확인되었습니다.<br>
보안",phishing,0.99,"이 이메일은 다음과 같은 이유로 위험합니다:

1. **사회공학적 패턴**: 이메일 제목과 본문에서 ""긴급"" 및 ""보안 문제""라는 단어를 사용하여 수신자의 즉각적인 반응을 유도하고 있습니다. 이는 발신자/도메인 위장 및 급박한 금전 요구와 같은 사회공학 패턴에 해당합니다.

2. **링크**: 이메일에 포함된 링크는 의심스러운 도메인(http://google-security-alert-center.com/login-verify)으로, 실제 Google의 보안 페이지가 아닙니다. 이는 사용자 정보를 탈취하기 위한 피싱 링크로 판단됩니다.

3. **Gmail 분류 결과**: Gmail의 분류 결과는 신뢰하지 않지만, 이 이메일은 ""UNREAD"", ""CATEGORY_PERSONAL"", ""INBOX""로 분류되어 있습니다. 이는 일반적인 스팸 필터링을 피했을 가능성이 있지만, 여전히 위험한 내용이 포함되어 있습니다.

안전한 조치:
1. 이메일을 즉시 삭제하고, 링크를 클릭하지 않습니다.
2. 조직의 IT 보안 팀에 이 이메일을 신고하여 추가 조치를 취하도록 합니다.
3. 계정 보안을 위해 직접 Google의 공식 웹사이트에 접속하여 계정 상태를 확인하고, 비밀번호를 변경합니다.",phishing
19af8f62f98217d7,Microsoft 365 Basic에 대한 구독을 갱신함,"Microsoft

Microsoft 365 Basic에 대한 구독을 갱신함
===============================

일요일, 12월 07, 2025에 구독을 갱신했습니다. 다음 갱신일, 화요일, 1월 06, 2026에 KRW 2,900.00 세금 포함 요금이 청구됩니다.

Microsoft 계정에 로그인하여 결제 방법을 변경하거나 향후 청구를 방지하기 위해 구독을 취소하는 등 구독을 관리하세요.

구독을 취소하고 청구 후 30일 이내에 환불을 요청하면 가장 최근의 되풀이 청구 요금을 환불받게 됩니다. 이 환불 권한은 Microsoft 계정당, 구독 제품당 한 번으로 제한됩니다. 내 구독을 취소하려면 어떻게 하나요?
https://support.microsoft.com/en-us/account-billing/cancel-your-microsoft-subscription-c2c6b0e3-cab3-cb98-d83e-c9ad54620530?OCID=AI",phishing,0.99,"이 이메일은 다음과 같은 이유로 위험하다고 판단됩니다:

1. **사회공학적 패턴**: 이메일 본문에서 ""구독을 갱신했습니다""라는 문구와 함께 긴급하게 조치를 취하도록 유도하고 있습니다. 이는 금전 요구와 관련된 사회공학적 패턴으로, 사용자가 링크를 클릭하도록 유도하는 전형적인 피싱 기법입니다.

2. **링크 포함**: 이메일에는 여러 개의 링크가 포함되어 있으며, 이는 사용자가 클릭하도록 유도하는 요소입니다. 링크를 클릭하면 악성 사이트로 유도될 수 있습니다.

3. **Gmail 분류 결과**: 이메일이 ""UNREAD"", ""CATEGORY_UPDATES"", ""INBOX""로 분류되었지만, 이는 신뢰할 수 있는 분류가 아닙니다. 따라서 이메일의 내용을 그대로 신뢰하지 않아야 합니다.

이메일의 위험 점수를 높이는 요소로는 사회공학적 패턴과 링크 포함이 있습니다. 

**안전한 후속 조치**:
1. 이메일을 즉시 삭제하여 추가적인 클릭을 방지합니다.
2. 발신자에게 직접 연락하여 이메일의 진위를 확인합니다.
3. 조직의 보안 정책에 따라 해당 이메일을 IT 보안팀에 신고하여 추가적인 분석을 요청합니다.",normal
19af808cf344e781,Week 49: ACHR is up 10.4% this week and the market is up 0.5%,"아안, the USA stock market has been flat over the past 7 days with the Semiconductor industry up 2.0%


SIMPLY WALLST                              Your login is via
yourGoogle
( https://l.p.simplywall.st/ss/c/u001.tHrjIIteht6X6RxCG92PcZISiiOq-WIClpAj_yUKcGo/4m8/X2pA5gpGRLKnTz5IwqS1eQ/t0/h001.pL1WVL8DQ_FLxq8_23yv6bmv-HF9b4M0M8VyMBymvYM )
account
SIMPLY WALLST ( https://l.p.simplywall.st/ss/c/u001.tHrjIIteht6X6RxCG92PcZISiiOq-WIClpAj_yUKcGo/4m8/X2pA5gpGRLKnTz5IwqS1eQ/t1/h001.PrXwp7YrXuDiH2hOo",phishing,0.99,"이 이메일은 다음과 같은 이유로 위험하다고 판단됩니다:

1. **사회공학적 패턴**: 이메일 본문에서 ""로그인"" 링크가 포함되어 있으며, 이는 사용자가 자신의 계정을 입력하도록 유도할 수 있는 전형적인 피싱 패턴입니다. 특히, ""급박/금전 요구""와 관련된 내용이 없지만, 금융 관련 정보를 다루고 있어 주의가 필요합니다.

2. **링크 포함**: 이메일에는 여러 개의 링크가 포함되어 있으며, 이는 피싱 공격의 일반적인 특징입니다. 사용자가 링크를 클릭하면 악성 웹사이트로 유도될 수 있습니다.

3. **Gmail 분류 결과**: Gmail의 분류 결과가 ""UNREAD, CATEGORY_UPDATES, INBOX""로 나타나지만, 이를 그대로 신뢰하지 않고 추가적인 검토가 필요합니다.

4. **정책 준수**: SPF, DKIM, DMARC가 모두 통과했지만, 링크와 사회공학적 요소가 포함되어 있어 위험 점수를 높였습니다.

**안전한 조치 세 가지**:
1. 이메일의 링크를 클릭하지 않고, 발신자의 공식 웹사이트를 직접 방문하여 필요한 정보를 확인합니다.
2. 이메일을 즉시 삭제하고, 의심스러운 이메일을 수신한 경우 IT 보안팀에 보고합니다.
3. 이메일에서 요청하는 로그인 정보를 입력하지 않고, 해당 서비스의 공식 앱이나 웹사이트를 통해 직접 로그인합니다.",normal
19af806fdbfc0ccf,MFA Fatigue Attack (Push Notification Bypass Social Engineering),"Your account has received multiple MFA requests in the past 10 minutes.
To prevent permanent lockout, approve the pending login request NOW in your authenticator app.
If you did NOT initiate the login, still approve the request so our system can “reset” your MFA status.
After approval, complete the verification form:
https://account-security-reset-system.net/verify
If this is not done within 5 minutes, your access will be disabled.

<html><head><style>p{margin-top:0px;margin-bottom:0px;}</style>",phishing,0.99,"이 이메일은 다음과 같은 이유로 위험합니다:

1. **사회공학적 패턴**: 이메일 본문에서 ""지금 승인하지 않으면 계정이 잠길 수 있다""는 긴급성을 강조하며 사용자를 압박하고 있습니다. 이는 사회공학적 공격의 전형적인 방식입니다.
2. **링크 포함**: 이메일에 포함된 링크는 신뢰할 수 없는 도메인(https://account-security-reset-system.net/verify)으로, 사용자가 클릭할 경우 피싱 사이트로 유도될 위험이 있습니다. 이는 정책 항목 중 ""링크·첨부 파일이 있으면 위험 점수를 높인다""에 해당합니다.
3. **발신자/도메인 위장 가능성**: 발신자가 신뢰할 수 있는 기관으로 보일 수 있지만, 실제로는 위장된 도메인일 가능성이 높습니다. 이는 ""발신자/도메인 위장"" 항목에 해당합니다.

따라서 이 이메일은 피싱으로 판단됩니다.

**안전한 조치 세 가지**:
1. 이메일을 즉시 삭제하고, 스팸으로 신고합니다.
2. MFA 요청이 실제로 발생했는지 확인하기 위해 인증 앱을 직접 열어 확인합니다.
3. IT 보안 팀에 이 이메일을 보고하여 추가적인 조치를 취하도록 합니다.",phishing
19af653deee03b7e,[작업 업데이트] 새로운 운영체제 연습문제 세트,"Your scheduled task has been updated 
                       ChatGPT가 보내는 작업 업데이트
 새로운 운영체제 연습문제 세트
 

 Your scheduled task has been updated

            메시지 보기
<https://chatgpt.com/c/691e4eeb-26dc-8320-956e-109c9ee79e90>               
 설정 <https://chatgpt.com/#settings/Notifications>에서 작업
이메일을 수신 거절할 수 있습니다. 

      OpenAI, 1455 3rd Street, San Francisco, CA 94158, USA
 도움말 센터 <https://help.openai.com/> · 개인정보 보호 정책
<https://openai.com/privacy> · 이용약관 <https://openai.com/terms>
",phishing,0.99,"이 이메일은 다음과 같은 이유로 위험하다고 판단됩니다:

1. **사회공학적 패턴**: 이메일 제목과 내용이 ""작업 업데이트""라는 긴급성을 강조하고 있으며, 사용자가 링크를 클릭하도록 유도하고 있습니다. 이는 사회공학적 공격의 전형적인 패턴입니다.
2. **링크 포함**: 이메일 본문에 외부 링크가 포함되어 있어, 사용자가 클릭할 경우 피싱 사이트로 유도될 위험이 있습니다. 이는 정책에서 언급한 ""링크·첨부 파일이 있으면 위험 점수를 높인다""는 항목에 해당합니다.
3. **Gmail 분류 결과**: 이메일이 ""UNREAD"", ""CATEGORY_UPDATES"", ""INBOX""로 분류되었지만, 이를 그대로 신뢰하지 않고 추가적인 검토가 필요합니다.

이메일의 SPF, DKIM, DMARC 인증은 모두 통과했지만, 사회공학적 요소와 링크의 존재로 인해 최종 판단은 피싱으로 내렸습니다.

안전한 후속 조치:
1. 이메일을 격리하여 사용자가 클릭하지 않도록 합니다.
2. 이메일의 발신자와 도메인을 확인하여 진위 여부를 검토합니다.
3. 사용자에게 이 이메일이 의심스럽다는 사실을 알리고, 링크 클릭을 자제하도록 안내합니다.",normal
19af653d996836cb,[Task Update] This title directly addresses the issue (file search failure) while being concise and clear.,"Your scheduled task has been updated 
                       Task update from ChatGPT
 This title directly addresses the issue (file search failure) while being
concise and clear.
 

 Your scheduled task has been updated

            View message
<https://chatgpt.com/c/691e4e6f-20b0-8323-b182-3c0b9d53100f>               
 You can unsubscribe from task emails in settings
<https://chatgpt.com/#settings/Notifications>. 

      OpenAI, 1455 3rd Street, San Francisco, CA 94158, USA
 Hel",phishing,0.99,"이 이메일은 다음과 같은 이유로 위험하다고 판단됩니다:

1. **사회공학 패턴**: 이메일 제목과 본문에서 ""Task update""라는 표현을 사용하여 사용자의 주의를 끌고 있습니다. 이는 급박한 상황을 암시하며, 사용자가 링크를 클릭하도록 유도할 수 있습니다. 이는 발신자/도메인 위장 및 급박/금전 요구와 관련된 사회공학 패턴에 해당합니다.

2. **링크 포함**: 이메일 본문에 포함된 링크는 사용자가 클릭하도록 유도하고 있으며, 이는 피싱 공격의 일반적인 특징입니다. 링크를 클릭할 경우 악성 웹사이트로 유도될 수 있습니다.

3. **Gmail 분류 결과**: Gmail의 분류 결과가 'UNREAD', 'CATEGORY_UPDATES', 'INBOX'로 나타나지만, 이를 그대로 신뢰하지 않고 추가적인 검토가 필요합니다. 

이메일의 SPF, DKIM, DMARC 인증은 모두 통과했지만, 링크와 사회공학적 요소로 인해 위험 점수를 높였습니다.

**안전한 조치**:
1. 이메일을 즉시 삭제하고, 의심스러운 링크를 클릭하지 않도록 주의합니다.
2. 조직의 보안 정책에 따라 해당 이메일을 IT 보안 팀에 보고하여 추가 조치를 취하도록 합니다.
3. 사용자에게 이메일의 위험성을 알리고, 유사한 이메일에 대한 경각심을 높이기 위한 교육을 실시합니다.",normal
19af1494089923d3,"ACHR: begins its next chapter ✨ | Plus, an update on AMD","<html dir=""ltr"" lang=""en""><head><link rel=""preload"" as=""image"" href=""https://l.p.simplywall.st/ss/c/u001.1kLL09YLty_3PW1IMIppWnEfcQsTsGwMl229iC-pAIsNe4uEYS9sTOujbajovHgml_Ja8OfEXLtbtZn3RDj6K6_BQWo7zlCAeBkc8HeBJpTYRVCw7OOg0tq0Q8JdqPj1EUx9rwwY94_eB9SWGlsaR_yZCWGLYSRrTggECq4L_4Zt1djc3iIVXIkDMtcbWJiippr9UnqOiG8mm07YAD2x7w/4m7/4VnI0tudQ5yN-Y87U5JwMQ/t0/h001.h2HMiHBsCLbbHPHtd85_AbyuDr30qDCzicUpCrYYAuQ><link rel=""preload"" as=""image"" href=""https://l.p.simplywall.st/ss/c/u001.1kLL09YLty_3PW1IMIppWnEfcQsT",phishing,0.99,"이 이메일은 다음과 같은 이유로 위험하다고 판단됩니다:

1. **Gmail 분류 결과**: 이메일은 'UNREAD', 'CATEGORY_UPDATES', 'INBOX'로 분류되었지만, 이는 신뢰할 수 없는 기준입니다. 따라서 추가적인 검토가 필요합니다.
   
2. **인증 실패 없음**: SPF, DKIM, DMARC 모두 통과했으나, 이는 이메일이 안전하다는 것을 보장하지 않습니다. 공격자는 이러한 인증을 우회할 수 있는 방법을 사용할 수 있습니다.

3. **사회공학적 패턴**: 이메일 본문에는 투자 관련 정보와 링크가 포함되어 있으며, 이는 사용자가 클릭하도록 유도할 수 있는 요소입니다. 특히 'Continue Reading'과 같은 링크는 사용자가 악성 사이트로 유도될 수 있는 위험이 있습니다.

4. **링크 및 첨부파일**: 이메일에는 링크가 포함되어 있으며, 이는 클릭 시 피싱 사이트로 연결될 위험이 있습니다.

따라서 이 이메일은 피싱으로 간주되며, 위험 점수가 99.00%로 매우 높습니다.

### 안전한 조치:
1. **이메일 삭제**: 해당 이메일을 즉시 삭제하여 추가적인 위험을 방지합니다.
   
2. **사용자 알림**: 조직 내 모든 사용자에게 이 이메일의 위험성을 알리고, 유사한 이메일에 주의하도록 교육합니다.

3. **링크 클릭 금지**: 이메일 내 링크를 클릭하지 않도록 주",normal
19af130a91b3d8a3,[Task Update] File search failure preventing quiz creation,"Your scheduled task has been updated 
                       Task update from ChatGPT
 File search failure preventing quiz creation
 

 Your scheduled task has been updated

            View message
<https://chatgpt.com/c/691e4e6f-20b0-8323-b182-3c0b9d53100f>               
 You can unsubscribe from task emails in settings
<https://chatgpt.com/#settings/Notifications>. 

      OpenAI, 1455 3rd Street, San Francisco, CA 94158, USA
 Help center <https://help.openai.com/> · Privacy pol",phishing,0.99,"이 이메일은 다음과 같은 이유로 위험하다고 판단됩니다:

1. **사회공학적 패턴**: 이메일 제목과 내용에서 ""Task update""와 같은 긴급성을 강조하며, 사용자가 링크를 클릭하도록 유도하고 있습니다. 이는 사회공학적 공격의 전형적인 패턴입니다.
2. **링크 포함**: 이메일 본문에 외부 링크가 포함되어 있으며, 사용자가 클릭할 경우 악성 사이트로 유도될 위험이 있습니다. 이는 정책 항목 중 ""링크·첨부 파일이 있으면 위험 점수를 높인다""에 해당합니다.
3. **Gmail 분류 결과**: Gmail의 분류 결과가 ""CATEGORY_UPDATES""로 나타나지만, 이를 그대로 신뢰하지 않기 때문에 추가적인 검토가 필요합니다.

안전한 후속 조치:
1. 이메일을 격리하여 사용자가 링크를 클릭하지 않도록 합니다.
2. 해당 이메일을 모니터링하여 추가적인 의심스러운 활동이 있는지 확인합니다.
3. 사용자에게 이 이메일이 의심스럽다는 사실을 알리고, 링크 클릭을 자제하도록 안내합니다.",normal
19af12e3d5a09cbf,[작업 업데이트] 최신 운영체제 시험 문제 세트,"Your scheduled task has been updated 
                       ChatGPT가 보내는 작업 업데이트
 최신 운영체제 시험 문제 세트
 

 Your scheduled task has been updated

            메시지 보기
<https://chatgpt.com/c/691e4eeb-26dc-8320-956e-109c9ee79e90>               
 설정 <https://chatgpt.com/#settings/Notifications>에서 작업
이메일을 수신 거절할 수 있습니다. 

      OpenAI, 1455 3rd Street, San Francisco, CA 94158, USA
 도움말 센터 <https://help.openai.com/> · 개인정보 보호 정책
<https://openai.com/privacy> · 이용약관 <https://openai.com/terms>
",phishing,0.99,"이 이메일은 다음과 같은 이유로 위험하다고 판단됩니다:

1. **사회공학적 패턴**: 이메일 제목과 본문에서 ""작업 업데이트""라는 표현이 사용되어 수신자가 긴급성을 느끼게 하여 링크를 클릭하도록 유도할 수 있습니다. 이는 발신자/도메인 위장 및 급박/금전 요구와 관련된 사회공학적 패턴으로, 정책 항목에 따라 우선 검토해야 할 요소입니다.

2. **링크 포함**: 이메일 본문에 외부 링크가 포함되어 있으며, 이는 피싱 공격의 일반적인 특징입니다. 정책에 따라 링크가 포함된 경우 위험 점수를 높여야 합니다.

3. **Gmail 분류 결과**: 이메일이 Gmail의 '업데이트' 카테고리에 분류되었지만, 이를 그대로 신뢰하지 않고 추가적인 검토가 필요합니다.

이메일의 인증(SPF, DKIM, DMARC)이 모두 통과했지만, 사회공학적 요소와 링크의 존재로 인해 피싱으로 판단되었습니다.

안전한 후속 조치:
1. 이메일을 격리하여 추가적인 피해를 방지합니다.
2. 사용자에게 이 이메일이 의심스럽다는 사실을 알리고, 링크를 클릭하지 말 것을 권장합니다.
3. 이메일 발신자에 대한 추가 조사를 실시하여 유사한 공격을 예방합니다.",normal
19aec07c5a1042ff,[작업 업데이트] Generate daily 컴퓨터 네트워크 quiz,"Your scheduled task has been updated 
                       ChatGPT가 보내는 작업 업데이트
 Generate daily 컴퓨터 네트워크 quiz
 

 Your scheduled task has been updated

            메시지 보기
<https://chatgpt.com/c/691e4e6f-20b0-8323-b182-3c0b9d53100f>               
 설정 <https://chatgpt.com/#settings/Notifications>에서 작업
이메일을 수신 거절할 수 있습니다. 

      OpenAI, 1455 3rd Street, San Francisco, CA 94158, USA
 도움말 센터 <https://help.openai.com/> · 개인정보 보호 정책
<https://openai.com/privacy> · 이용약관 <https://openai.",phishing,0.99,"이 이메일은 다음과 같은 이유로 위험하다고 판단됩니다:

1. **사회공학 패턴**: 이메일 제목과 본문에서 ""작업 업데이트""라는 문구가 사용되어 사용자의 주의를 끌고 있습니다. 이는 사용자가 링크를 클릭하도록 유도하는 사회공학적 기법으로 해석될 수 있습니다.
   
2. **링크 포함**: 이메일 본문에 외부 링크가 포함되어 있어, 사용자가 클릭할 경우 피싱 사이트로 유도될 위험이 있습니다. 이는 정책 항목 중 ""링크·첨부 파일이 있으면 위험 점수를 높인다""에 해당합니다.

3. **Gmail 분류 결과**: 이메일이 'UNREAD', 'CATEGORY_UPDATES', 'INBOX'로 분류되었지만, 이는 신뢰할 수 없는 정보로 간주해야 하며, 추가적인 검토가 필요합니다.

따라서 이 이메일은 피싱으로 간주되며, 위험 점수가 99.00%로 매우 높습니다.

**안전한 후속 조치**:
1. 이메일을 즉시 삭제하여 추가적인 위험을 방지합니다.
2. 사용자가 링크를 클릭하지 않도록 경고하는 사용자 알림을 발송합니다.
3. 해당 이메일을 보낸 도메인에 대해 모니터링을 강화하고, 필요시 차단 조치를 취합니다.",normal
19aec0779481710a,[작업 업데이트] 운영체제 시험 준비 문제 세트,"Your scheduled task has been updated 
                       ChatGPT가 보내는 작업 업데이트
 운영체제 시험 준비 문제 세트
 

 Your scheduled task has been updated

            메시지 보기
<https://chatgpt.com/c/691e4eeb-26dc-8320-956e-109c9ee79e90>               
 설정 <https://chatgpt.com/#settings/Notifications>에서 작업
이메일을 수신 거절할 수 있습니다. 

      OpenAI, 1455 3rd Street, San Francisco, CA 94158, USA
 도움말 센터 <https://help.openai.com/> · 개인정보 보호 정책
<https://openai.com/privacy> · 이용약관 <https://openai.com/terms>
",phishing,0.99,"이 이메일은 다음과 같은 이유로 위험하다고 판단됩니다:

1. **신뢰성 부족**: Gmail의 분류 결과를 참고하되 그대로 신뢰하지 않는 정책에 따라, 이메일의 발신자가 실제로 OpenAI인지 확인할 수 없습니다. 발신자 도메인 위장 가능성이 존재합니다.
   
2. **사회공학적 패턴**: 이메일 본문에서 ""작업 업데이트""라는 문구와 함께 링크를 클릭하도록 유도하고 있습니다. 이는 사회공학적 패턴에 해당하며, 사용자가 링크를 클릭하도록 유도하는 방식은 피싱 공격에서 흔히 사용됩니다.

3. **링크 포함**: 이메일 본문에 링크가 포함되어 있으며, 이는 위험 점수를 높이는 요소입니다. 링크를 클릭할 경우 악성 사이트로 유도될 가능성이 있습니다.

정책 항목:
- Gmail 분류 결과를 신뢰하지 않음
- 링크가 포함되어 있어 위험 점수 상승
- 사회공학적 패턴 검토

안전한 후속 조치:
1. 이메일을 즉시 삭제하여 추가적인 위험을 방지합니다.
2. 사용자가 링크를 클릭하지 않도록 경고하고, 이메일의 진위를 확인하도록 합니다.
3. 조직의 보안 팀에 이 이메일을 보고하여 추가적인 조사를 요청합니다.",normal
19aebecb7f73052c,"(광고) 현직 멘토와 함께하는 실전 코딩, 한경닷컴 'AI 자바 풀스택' 부트캠프 모집","<!doctype html><html xmlns=""http://www.w3.org/1999/xhtml"" xmlns:v=""urn:schemas-microsoft-com:vml"" xmlns:o=""urn:schemas-microsoft-com:office:office""><head><meta charset=""utf-8""><meta name=""viewport"" content=""width=device-width,initial-scale=1""><meta name=""x-apple-disable-message-reformatting""><!--[if !mso]><!--><meta http-equiv=""X-UA-Compatible"" content=""IE=edge""><!--<![endif]--><title></title><!--[if mso]>      <style type=""text/css"">        table {          border-collapse: collapse;          b",phishing,0.99,"이 이메일은 다음과 같은 이유로 위험하다고 판단됩니다:

1. **Gmail 분류 결과**: 이메일은 ""CATEGORY_PROMOTIONS""로 분류되어 있으며, 이는 일반적으로 광고성 이메일을 나타냅니다. 하지만 Gmail의 분류를 그대로 신뢰하지 않기 때문에 추가적인 검토가 필요합니다.

2. **인증 실패**: SPF와 DKIM은 통과했지만, DMARC가 실패하거나 알 수 없는 상태입니다. 이는 발신자의 신뢰성을 낮추는 요소로 작용합니다.

3. **사회공학 패턴**: 이메일 내용에서 ""현직 멘토와 함께하는 실전 코딩""과 같은 문구는 사용자의 관심을 끌기 위한 마케팅 전략으로 보입니다. 또한, 링크가 포함되어 있어 클릭을 유도하고 있습니다. 이러한 요소는 피싱 공격의 전형적인 특징입니다.

위의 정책 항목을 기반으로, 다음과 같은 안전한 조치를 취할 수 있습니다:

1. **이메일 격리**: 해당 이메일을 즉시 격리하여 추가적인 위험을 방지합니다.

2. **모니터링**: 이메일의 발신자와 링크를 모니터링하여 유사한 공격이 발생하는지 확인합니다.

3. **사용자 알림**: 조직 내 사용자들에게 이와 유사한 이메일에 대한 경각심을 높이고, 클릭하지 않도록 주의하도록 알립니다.",normal
19b15345b35c470b,A108860: New minor risk - Share price stability,"96   SIMPLYWALLST | Daily Important Updates     * *
Your login is via your 
Google account 
( https://l.p.simplywall.st/ss/c/u001.z2q9iH8nJTMhV1QAA02yBlH8htljoO0TaOR6Xw4CHPT5TtPw0MaMVs531Ec19ym5jlfsOt3rwFcWHE--IazFz9yHazx-KvFAKHCjyZ7KMtXl6OJUQ-Liki32phHpYmak/4me/UWYlyGZET4CW7EiT_hirWQ/t0/h001.kYNDPkvpEhDIAdvA6Uv8At1iSfXGwL7WOo8r6HC78fw Updates: Daily Batch v2&utm_content=Critical Updates )
     SIMPLYWALLST | Daily
Important updates ( # )   Sat 13 Dec 2025
You have 1 new
update
for 
A10",normal,0.912,"이 이메일은 다음과 같은 이유로 위험하지 않다고 판단됩니다:

1. **Gmail 분류 결과**: 이메일은 'UNREAD', 'CATEGORY_UPDATES', 'INBOX'로 분류되어 있으며, 이는 일반적인 업데이트 이메일로 보입니다.
2. **인증 상태**: SPF, DKIM, DMARC 모두 통과하여 발신자의 신뢰성을 높입니다. 이는 이메일이 위조되지 않았음을 나타냅니다.
3. **링크 및 첨부 파일**: 이메일에는 첨부 파일이 없고, 링크가 포함되어 있지만, 발신자가 신뢰할 수 있는 도메인에서 온 것으로 보입니다.

위 정책 항목을 바탕으로, 이메일은 위험 점수가 낮고 정상으로 평가됩니다.

안전한 조치:
1. **링크 클릭 시 주의**: 이메일 내 링크를 클릭하기 전에 URL을 확인하여 신뢰할 수 있는 사이트인지 검토합니다.
2. **정기적인 보안 교육**: 직원들에게 사회공학적 공격에 대한 교육을 실시하여 의심스러운 이메일을 인식할 수 있도록 합니다.
3. **이메일 필터링 설정**: 스팸 및 피싱 이메일을 자동으로 필터링할 수 있도록 이메일 클라이언트의 보안 설정을 강화합니다.",normal
19b150d1d5f380ab,중요 보안 알림,"[image: Google]
로그인 시도가 차단됨


jiho6367@gmail.com
누군가 방금 귀하의 비밀번호를 사용하여 귀하의 계정에 로그인하려고 했습니다.  
Google에서 로그인 시도를 차단했지만, 계정 활동기록을
확인하시기 바랍니다.
활동 확인
<https://accounts.google.com/AccountChooser?Email=jiho6367@gmail.com&continue=https://myaccount.google.com/alert/nt/1765582937000?rfn%3D64%26rfnc%3D1%26eid%3D-8472249898529268717%26et%3D0>
다음 페이지에서 보안 활동도 확인할 수 있습니다.
https://myaccount.google.com/notifications
이 이메일은 Google 계정 및 서비스의 중요한 변경사항을 알려드리기 위해  
발송되었습니다.
© 2025 Google LLC, 1600 Amp",normal,0.7254,"이 이메일은 위험하지 않은 것으로 판단됩니다. 다음은 그 이유입니다:

1. **인증 정보**: SPF, DKIM, DMARC 모두 통과하여 발신자의 신뢰성을 높입니다. 이는 정책 항목 중 ""SPF/DKIM/DMARC가 실패하면 위험 점수를 높인다""는 기준에 부합하지 않습니다.
   
2. **사회공학 패턴**: 이메일 내용은 일반적인 보안 알림 형식으로, 발신자 도메인(google.com)과 일치하며, 로그인 시도 차단에 대한 경고입니다. 이는 ""발신자/도메인 위장""이나 ""급박/금전 요구""의 사회공학 패턴에 해당하지 않습니다.

3. **링크 및 첨부파일**: 이메일에 링크는 있지만, 첨부파일은 없으며, 링크는 Google의 공식 도메인으로 연결됩니다. 이는 ""링크·첨부 파일이 있으면 위험 점수를 높인다""는 기준에 해당하지 않습니다.

따라서, 이 이메일은 정상으로 평가되었습니다.

### 안전한 후속 조치:
1. **계정 활동 확인**: 이메일에 제공된 링크를 통해 계정 활동 기록을 확인하여 의심스러운 활동이 없는지 점검합니다.
   
2. **비밀번호 변경**: 보안 강화를 위해 비밀번호를 정기적으로 변경하고, 2단계 인증을 활성화합니다.

3. **피싱 교육**: 사용자에게 피싱 이메일",normal
19b0fe1b411c0757,(광고) 3100만 뷰 화제의 연금 시리즈가 책으로! '일확연금 노후부자',"<!doctype html><html xmlns=""http://www.w3.org/1999/xhtml"" xmlns:v=""urn:schemas-microsoft-com:vml"" xmlns:o=""urn:schemas-microsoft-com:office:office""><head><meta charset=""utf-8""><meta name=""viewport"" content=""width=device-width,initial-scale=1""><meta name=""x-apple-disable-message-reformatting""><!--[if !mso]><!--><meta http-equiv=""X-UA-Compatible"" content=""IE=edge""><!--<![endif]--><title></title><!--[if mso]>      <style type=""text/css"">        table {          border-collapse: collapse;          b",normal,0.9806,"이 이메일은 다음과 같은 이유로 위험하지 않다고 판단됩니다:

1. **Gmail 분류 결과**: 이메일은 'CATEGORY_PROMOTIONS'로 분류되어 있으며, 이는 일반적으로 광고성 이메일로 간주됩니다. 하지만 이 분류를 그대로 신뢰하지 않기 때문에 추가 검토가 필요합니다.

2. **인증 상태**: SPF와 DKIM이 모두 통과했으나, DMARC는 실패 또는 알 수 없는 상태입니다. DMARC 실패는 발신자의 신뢰성을 낮출 수 있지만, SPF와 DKIM이 통과했기 때문에 이메일의 진위 여부에 대한 신뢰도가 다소 높습니다.

3. **사회공학 패턴**: 이메일 내용은 광고성으로 보이며, 금전 요구나 긴급한 행동을 요구하는 패턴이 없습니다. 링크와 첨부파일이 없으므로 추가적인 위험 요소가 없습니다.

따라서, 이 이메일은 위험하지 않다고 판단되지만, DMARC 실패로 인해 주의가 필요합니다.

**안전한 후속 조치**:
1. 이메일을 격리하여 사용자가 직접 클릭하지 않도록 하고, 링크를 수동으로 확인하도록 안내합니다.
2. 이메일 발신자와 도메인을 확인하여 신뢰할 수 있는 출처인지 검토합니다.
3. 사용자에게 이메일의 내용과 링크에 대한 경각심을 높이고, 의심스러운 이메일에 대한 신고 절차를 안내합니다.",normal
19b0da0662cd37a1,[GitHub] Sudo email verification code,"Hey, jiho6367-design!

Here is your GitHub sudo authentication code: 81534492
This code is valid for 15 minutes and can only be used once.

Please don't share this code with anyone: we'll never ask for it on the phone or via email.
Thanks,
The GitHub Team

<!DOCTYPE html PUBLIC ""-//W3C//DTD XHTML 1.0 Transitional//EN"" ""http://www.w3.org/TR/xhtml1/DTD/xhtml1-transitional.dtd"">
<html xmlns=""http://www.w3.org/1999/xhtml"" xmlns=""http://www.w3.org/1999/xhtml"" lang=""en"" xml:lang=""en"" style=""f",normal,0.8999,"이 이메일은 GitHub에서 발송된 것으로 보이며, 다음과 같은 이유로 위험하지 않다고 판단됩니다.

1. **Gmail 분류 결과**: 이메일은 ""IMPORTANT"" 및 ""CATEGORY_UPDATES""로 분류되어 있으며, 이는 신뢰할 수 있는 발신자로부터 온 것임을 나타냅니다.
2. **인증 상태**: SPF, DKIM, DMARC 모두 통과하여 발신자의 신뢰성을 높입니다.
3. **사회공학 패턴**: 이메일 내용은 일반적인 인증 코드 요청 형식이며, 발신자가 특정 행동을 강요하거나 금전 요구를 하지 않습니다.

위의 정책 항목을 바탕으로 이메일은 위험하지 않다고 판단됩니다. 

안전한 후속 조치:
1. 이메일의 발신자 주소를 확인하여 진짜 GitHub에서 온 것인지 재확인합니다.
2. 이메일에 포함된 링크를 클릭하지 않고, GitHub 웹사이트에 직접 접속하여 필요한 작업을 수행합니다.
3. 인증 코드를 다른 사람과 공유하지 않도록 주의합니다.",normal
19b0aee02624f833,[Task Update] File search tool failure detected,"Your scheduled task has been updated 
                       Task update from ChatGPT
 File search tool failure detected
 

 Your scheduled task has been updated

            View message
<https://chatgpt.com/c/691e4e6f-20b0-8323-b182-3c0b9d53100f>               
 You can unsubscribe from task emails in settings
<https://chatgpt.com/#settings/Notifications>. 

      OpenAI, 1455 3rd Street, San Francisco, CA 94158, USA
 Help center <https://help.openai.com/> · Privacy policy
<https",normal,0.99,"이 이메일은 위험하지 않은 것으로 판단됩니다. 다음은 그 이유입니다:

1. **Gmail 분류 결과**: 이메일은 'UNREAD', 'CATEGORY_UPDATES', 'INBOX'로 분류되어 있으며, 이는 일반적인 업데이트 이메일로 보입니다.
2. **인증 상태**: SPF, DKIM, DMARC 모두 통과하였으므로 발신자의 신뢰성을 높입니다.
3. **링크 및 첨부 파일**: 이메일에는 첨부 파일이 없으며, 링크는 발신자와 관련된 정상적인 URL입니다.

위의 정책 항목을 고려할 때, 이 이메일은 위험 점수가 낮고 정상으로 평가됩니다.

안전한 후속 조치:
1. **사용자 알림**: 해당 이메일이 정상임을 사용자에게 알리고, 링크 클릭 시 주의사항을 안내합니다.
2. **모니터링**: 이메일의 발신자와 링크를 모니터링하여 향후 의심스러운 활동이 있는지 확인합니다.
3. **정기적인 교육**: 사용자에게 사회공학적 공격에 대한 교육을 제공하여, 유사한 이메일에 대한 경각심을 높입니다.",normal
19b17df847d66fb4,Business Email Compromise,"hello.
I’m in a meeting with external partners and cannot talk right now.
We must complete an urgent payment today to secure a contract renewal.
Transfer $48,300 to the vendor using the secure portal below:
https://executive-payment-portal.pro/transfer
Do this before 5 PM and reply to confirm once completed.
This is extremely time-sensitive — do not discuss with anyone else.
— CEO, Executive Office

<html><head><style>p{margin-top:0px;margin-bottom:0px;}</style></head><body><div style=""font-size",normal,0.99,"이 이메일은 여러 가지 위험 신호를 포함하고 있습니다. 다음은 위험성을 평가한 이유입니다:

1. **사회공학 패턴**: 이메일 내용에서 ""긴급한 결제""와 ""비밀 유지""를 강조하며, 수신자에게 즉각적인 행동을 요구하고 있습니다. 이는 전형적인 비즈니스 이메일 사기(BEC) 패턴입니다.
2. **링크 포함**: 이메일에는 외부 링크가 포함되어 있으며, 이는 피싱 공격의 일반적인 징후입니다. 사용자가 링크를 클릭하도록 유도하고 있습니다.
3. **금전 요구**: 특정 금액($48,300)을 요구하며, 이는 금전적 사기를 암시합니다.

정책 항목을 참고하면:
- **사회공학 패턴 우선 검토**: 발신자의 긴급한 요청과 비밀 유지 요구는 위험 신호입니다.
- **링크 및 금전 요구**: 링크가 포함되어 있고 금전적 요구가 있어 위험 점수를 높여야 합니다.

따라서 이 이메일은 위험하다고 판단됩니다.

안전한 조치 세 가지:
1. 이메일을 즉시 삭제하고, 발신자에게 직접 확인하지 않도록 합니다.
2. 조직의 IT 보안 팀에 이 이메일을 신고하여 추가 조사를 요청합니다.
3. 사용자에게 이와 유사한 이메일에 대한 경각심을 높이기 위한 교육을 실시합니다.",phishing
19b17de6c6c5b51b,"[우리 금융보안센터] 최근 이상거래 감지, OTP 초기화 필요","회원님의 계좌에서 비정상적인 접근이 감지되었습니다.
보안을 위해 OTP 재등록이 필요합니다.
아래 인증 페이지에서 절차를 진행하여 주세요.
https://wr-secure-verify.center/login
미처리 시 계좌 출금이 차단될 수 있습니다.

<html><head><style>p{margin-top:0px;margin-bottom:0px;}</style></head><body><div style=""font-size:14px; font-family:NanumGothic,나눔고딕,sans-serif;""><p>회원님의 계좌에서 비정상적인 접근이 감지되었습니다.<br>
보안을 위해 OTP 재등록이 필요합니다.</p>
<p>아래 인증 페이지에서 절차를 진행하여 주세요.<br>
<a target=""_blank"" rel=""noreferrer noopener"">https://wr-secure-verify.center/login</a></p>
<p>미처리 시 계좌 출금이 차단될 수 있습니",phishing,0.99,"이 이메일은 피싱으로 판단됩니다. 다음과 같은 이유로 위험하다고 평가됩니다:

1. **사회공학적 패턴**: 이메일은 비정상적인 접근을 언급하며, 긴급하게 OTP 재등록을 요구하고 있습니다. 이는 사용자로 하여금 즉각적인 행동을 유도하는 전형적인 피싱 기법입니다.
   
2. **링크 포함**: 이메일 본문에 인증 페이지 링크가 포함되어 있으며, 이는 사용자가 클릭하도록 유도합니다. 이러한 링크는 종종 악성 사이트로 연결될 수 있습니다.

3. **조직 보안 정책**: 발신자/도메인 위장 가능성이 있으며, 급박한 금전 요구가 포함되어 있습니다. 이는 정책에서 우선 검토해야 할 사항입니다.

위의 정책 항목을 바탕으로, 다음과 같은 안전한 조치를 추천합니다:

1. **이메일 격리**: 해당 이메일을 즉시 격리하여 추가적인 피해를 방지합니다.
   
2. **사용자 알림**: 조직 내 사용자들에게 이와 유사한 피싱 이메일에 대한 경각심을 높이기 위해 알림을 발송합니다.

3. **모니터링 강화**: 해당 이메일과 유사한 패턴을 가진 이메일에 대해 모니터링을 강화하여 추가적인 공격을 예방합니다.",phishing
19b2390e31a8ac79,보안 알림,"[image: Google]
일부 Google 계정 데이터에 대한 PhishGuard_Project의 액세스를 허용하셨습니다


jiho6367@gmail.com

일부 Google 계정 데이터에 대한 PhishGuard_Project의 액세스를 허용하지  
않으셨다면 다른 사람이 내 Google 계정
데이터에 액세스하려는 것일 수도 있습니다.

지금 잠시 시간을 내어 계정 활동 기록을 확인하고 계정 보안을 강화하세요.
활동 확인
<https://accounts.google.com/AccountChooser?Email=jiho6367@gmail.com&continue=https://myaccount.google.com/alert/nt/1765828256000?rfn%3D127%26rfnc%3D1%26eid%3D6327244803679033273%26et%3D0>
Google 계정
<https://accounts.google.com/AccountChooser?",normal,0.9374,"이 이메일은 위험하지 않은 것으로 판단됩니다. 다음은 그 이유입니다:

1. **Gmail 분류 결과**: 이메일은 'UNREAD', 'CATEGORY_UPDATES', 'INBOX'로 분류되어 있으며, 이는 일반적인 업데이트 알림으로 보입니다.
2. **인증 상태**: SPF, DKIM, DMARC 모두 통과하여 발신자의 신뢰성을 높입니다.
3. **사회공학 패턴**: 발신자가 'PhishGuard_Project'라는 특정 서비스에 대한 액세스를 언급하고 있지만, 이는 일반적인 보안 알림의 형식을 따릅니다. 급박한 금전 요구나 로그인 링크의 사회공학적 패턴이 발견되지 않았습니다.

따라서, 이 이메일은 위험 점수가 낮고 정상으로 평가됩니다.

**안전한 조치**:
1. 이메일의 링크를 클릭하기 전에 직접 Google 계정에 로그인하여 알림을 확인합니다.
2. 계정 보안을 강화하기 위해 2단계 인증을 활성화합니다.
3. 정기적으로 계정 활동 기록을 검토하여 의심스러운 활동이 없는지 확인합니다.",normal
19b23853f4e5e152,보안 알림,"[image: Google]
일부 Google 계정 데이터에 대한 PhishGuard_Project의 액세스를 허용하셨습니다


jiho6367@gmail.com

일부 Google 계정 데이터에 대한 PhishGuard_Project의 액세스를 허용하지  
않으셨다면 다른 사람이 내 Google 계정
데이터에 액세스하려는 것일 수도 있습니다.

지금 잠시 시간을 내어 계정 활동 기록을 확인하고 계정 보안을 강화하세요.
활동 확인
<https://accounts.google.com/AccountChooser?Email=jiho6367@gmail.com&continue=https://myaccount.google.com/alert/nt/1765827492000?rfn%3D127%26rfnc%3D1%26eid%3D6966097078855117346%26et%3D0>
Google 계정
<https://accounts.google.com/AccountChooser?",normal,0.9374,"이 이메일은 위험하지 않은 것으로 판단됩니다. 다음은 그 이유입니다:

1. **Gmail 분류 결과**: 이메일은 'UNREAD', 'CATEGORY_UPDATES', 'INBOX'로 분류되어 있습니다. 이는 일반적인 업데이트 알림으로 보입니다.
2. **인증 상태**: SPF, DKIM, DMARC 모두 통과하여 발신자의 신뢰성을 높입니다. 이는 정책 항목 중 ""SPF/DKIM/DMARC가 실패하지 않음""에 해당합니다.
3. **사회공학 패턴 부재**: 이메일 내용은 계정 보안에 대한 경고로, 발신자 위장이나 급박한 금전 요구가 없습니다. 이는 정책 항목 중 ""발신자/도메인 위장, 급박/금전 요구, 로그인/다운로드 링크의 사회공학 패턴""을 검토한 결과입니다.

따라서, 이 이메일은 위험하지 않다고 판단됩니다.

**안전한 조치**:
1. 이메일의 링크를 클릭하기 전에 URL을 확인하여 진짜 Google 사이트인지 확인합니다.
2. 계정 활동 기록을 정기적으로 검토하여 의심스러운 활동이 있는지 확인합니다.
3. 계정 보안을 강화하기 위해 2단계 인증을 설정합니다.",normal
19b23e8542bdd0f7,Failed production deployment on team 'jiho6367-design's projects',"Hey jiho6367-design,
 completed an activity.
Something happened that you should be aware of.
Thanks,
The team @ 


--


If you've got questions, ask us in https://vercel.community/

Copyright © 2025 Vercel Inc. All rights reserved.
440 N Barranca Ave #4133 Covina, CA 91723




<html><body><table width=""100%"" border=""0"" cellspacing=""0"" cellpadding=""0"" style=""width:100%!important""><tbody><tr><td align=""center""><table width=""600"" border=""0"" cellspacing=""0"" cellpadding=""40"" style=""m",normal,0.0069,"이 이메일은 위험하지 않은 것으로 판단됩니다. 다음은 그 이유입니다:

1. **Gmail 분류 결과**: 이메일은 'UNREAD', 'CATEGORY_PERSONAL', 'INBOX'로 분류되어 있으며, 이는 일반적인 개인 이메일로 보입니다.
2. **인증 상태**: SPF, DKIM, DMARC 모두 통과하여 발신자의 신뢰성을 높입니다. 이는 이메일이 위조되지 않았음을 나타냅니다.
3. **링크 및 첨부 파일**: 이메일에는 첨부 파일이 없으며, 링크는 정상적인 도메인(https://vercel.com)으로 연결됩니다. 

위 정책 항목을 고려할 때, 이 이메일은 위험 점수가 낮고 정상으로 평가됩니다.

안전한 후속 조치:
1. 이메일 내용을 확인하고, 필요한 경우 관련 팀과 소통하여 배포 오류에 대한 추가 정보를 요청합니다.
2. 이메일에 포함된 링크를 클릭하기 전에 URL을 확인하여 정상적인 도메인인지 재확인합니다.
3. 이메일을 모니터링하고, 향후 유사한 이메일이 올 경우에도 동일한 검토 절차를 따릅니다.",normal
19b23db3b5552faf,Application Status Update,"Thank you for your interest in our position.
Your application is currently under review, and we wanted to share a brief status update.
If you wish to check the current status, you can do so here:
http://candidate-status-page[.]com/info
No further action is required at this stage.
Recruitment Team

<html><head><style>p{margin-top:0px;margin-bottom:0px;}</style></head><body><div style=""font-size:14px; font-family:NanumGothic,나눔고딕,sans-serif;""><p>Thank you for your interest in our position.<br>
You",phishing,0.303,"이 이메일은 다음과 같은 이유로 위험하다고 판단됩니다:

1. **링크 포함**: 이메일 본문에 포함된 링크(http://candidate-status-page[.]com/info)는 사용자가 클릭하도록 유도하며, 이는 사회공학적 패턴에 해당합니다. 특히, 발신자가 신뢰할 수 없는 경우 링크 클릭은 위험할 수 있습니다.
   
2. **사회공학 패턴**: ""현재 지원 상태를 확인할 수 있다""는 문구는 사용자가 긴급하게 행동하도록 유도하는 요소가 있습니다. 이는 금전 요구나 로그인 링크와 유사한 사회공학적 기법입니다.

3. **Gmail 분류 신뢰성**: Gmail의 분류 결과는 'IMPORTANT'로 표시되지만, 이를 그대로 신뢰하지 않고 추가적인 검토가 필요합니다. 

정책 항목:
- SPF/DKIM/DMARC가 모두 통과했지만, 링크와 사회공학 패턴을 고려하여 위험 점수를 높였습니다.
- 발신자/도메인 위장 및 급박한 행동 유도 패턴을 검토했습니다.

안전한 후속 조치:
1. 이메일을 격리하고, 링크를 클릭하지 않도록 사용자에게 경고합니다.
2. 이메일 내용을 모니터링하여 유사한 패턴의 이메일이 추가로 수신되는지 확인합니다.
3. 사용자에게 이 이메일이 피싱일 가능성이 있음을 알리고, 의심스러운 이메일에 대한 주의사항을 교육",phishing
19b23db08711fddd,Shared File: Project Notes (View Access),"A file has been shared with you as part of an ongoing collaboration.
You can view the document using the link below if needed.
http://shared-docs-view[.]com/file
If you were not expecting this message, you may safely ignore it.
Best regards

<html><head><style>p{margin-top:0px;margin-bottom:0px;}</style></head><body><div style=""font-size:14px; font-family:NanumGothic,나눔고딕,sans-serif;""><p>A file has been shared with you as part of an ongoing collaboration.<br>
You can view the document using the ",normal,0.058,"이 이메일은 위험하지 않은 것으로 판단됩니다. 다음은 그 이유입니다:

1. **Gmail 분류 결과**: 이메일은 'UNREAD', 'CATEGORY_PERSONAL', 'INBOX'로 분류되어 있으며, 이는 일반적인 개인적인 이메일로 보입니다. 하지만 이 분류를 그대로 신뢰하지는 않습니다.

2. **인증 상태**: SPF, DKIM, DMARC 모두 통과하였으므로 발신자의 신뢰성을 높이는 요소입니다. 이는 이메일이 위조되지 않았음을 나타냅니다.

3. **사회공학 패턴**: 이메일 본문에는 급박한 요구나 금전 요구가 없으며, 링크는 특정 도메인으로 연결되고 있습니다. 그러나 링크가 의심스러운 도메인(예: shared-docs-view[.]com)으로 보이므로 주의가 필요합니다.

위의 정책 항목을 고려할 때, 이메일은 위험 점수가 낮지만 링크 클릭 시 주의가 필요합니다. 

안전한 후속 조치로는 다음을 권장합니다:

1. **링크 클릭 자제**: 이메일에 포함된 링크를 클릭하지 않고, 발신자에게 직접 확인합니다.
2. **사용자 알림**: 해당 이메일에 대해 조직 내 사용자들에게 경고 메시지를 발송하여 주의하도록 합니다.
3. **모니터링**: 해당 도메인에 대한 모니터링을 설정하여 추가적인 의심스러운 활동이 발생하는지 확인합니다.",phishing
19b23dac889c1ac4,Recent Activity Notice for Your Account,"Hello,
We noticed a recent sign-in to your account from a new environment.
This message is for your reference only, and no action is required at this time.
If you would like to review your recent activity, you may visit the page below:
http://account-activity-info[.]com/session
Thank you for using our service.
Support Team

<html><head><style>p{margin-top:0px;margin-bottom:0px;}</style></head><body><div style=""font-size:14px; font-family:NanumGothic,나눔고딕,sans-serif;""><p>Hello,</p>
<p>We noticed ",normal,0.1259,"이 이메일은 위험하지 않은 것으로 판단됩니다. 다음은 그 이유입니다:

1. **Gmail 분류 결과**: 이메일은 'UNREAD', 'CATEGORY_PERSONAL', 'INBOX'로 분류되어 있으며, 이는 일반적인 개인 이메일로 보입니다. 그러나 이 분류를 그대로 신뢰하지 않기 때문에 추가 검토가 필요합니다.

2. **인증 정보**: SPF, DKIM, DMARC 모두 통과하였으므로 발신자의 신뢰성을 높이는 요소입니다. 이는 이메일이 위조되지 않았음을 나타냅니다.

3. **사회공학 패턴**: 이메일 본문에서 발신자는 최근 로그인 활동에 대한 알림을 제공하고 있으며, 링크를 통해 추가 정보를 요청하고 있습니다. 그러나 링크가 의심스러운 도메인(예: account-activity-info[.]com)으로 연결되므로 주의가 필요합니다. 

위 정책 항목을 바탕으로, 이메일은 위험 점수가 낮지만 링크의 도메인이 의심스러워 추가적인 주의가 필요합니다.

안전한 후속 조치:
1. 링크를 클릭하지 않고, 직접 공식 웹사이트에 접속하여 계정 활동을 확인합니다.
2. 이메일 발신자의 도메인을 확인하여 신뢰할 수 있는 도메인인지 검토합니다.
3. 이메일을 모니터링하고, 의심스러운 활동이 발견될 경우 즉시 보안 팀에 보고합니다.",phishing
19b23da434548c45,Failed production deployment on team 'jiho6367-design's projects',"Hey jiho6367-design,
 completed an activity.
Something happened that you should be aware of.
Thanks,
The team @ 


--


If you've got questions, ask us in https://vercel.community/

Copyright © 2025 Vercel Inc. All rights reserved.
440 N Barranca Ave #4133 Covina, CA 91723




<html><body><table width=""100%"" border=""0"" cellspacing=""0"" cellpadding=""0"" style=""width:100%!important""><tbody><tr><td align=""center""><table width=""600"" border=""0"" cellspacing=""0"" cellpadding=""40"" style=""m",normal,0.0069,"이 이메일은 위험하지 않은 것으로 판단됩니다. 다음은 그 이유입니다:

1. **Gmail 분류 결과**: 이메일은 'UNREAD', 'CATEGORY_PERSONAL', 'INBOX'로 분류되어 있으며, 이는 일반적인 개인 이메일로 보입니다. 그러나 이 분류를 그대로 신뢰하지 않도록 주의해야 합니다.

2. **인증 상태**: SPF, DKIM, DMARC 모두 통과하여 발신자의 신뢰성을 높입니다. 이는 이메일이 위조되지 않았음을 나타냅니다.

3. **사회공학 패턴**: 발신자는 'The team @'로 명시되어 있으며, 급박한 금전 요구나 로그인/다운로드 링크가 포함되어 있지 않습니다. 링크는 배포 세부정보를 확인하기 위한 것이며, 일반적인 알림 이메일의 형식을 따릅니다.

위의 정책 항목을 바탕으로 이메일은 위험 점수가 낮고 정상으로 평가됩니다.

안전한 후속 조치:
1. 이메일의 링크를 클릭하기 전에 URL을 확인하여 신뢰할 수 있는 도메인인지 확인합니다.
2. 이메일 발신자와 실제 팀의 연락처를 통해 이메일의 진위를 확인합니다.
3. 이메일 내용을 팀 내에서 공유하여 다른 구성원에게도 경각심을 일깨우고, 유사한 이메일에 대한 주의를 기울이도록 합니다.",normal
19b242538bcfb985,결제 완료 안내: 2025년 12월 정기 구독 영수증,"안녕하세요.
회원님 결제가 정상적으로 완료되어 영수증을 보내드립니다.

결제일: 2025-12-16

결제금액: 9,900원

결제수단: 카드


영수증이 필요하시면 고객센터에서 발급받을 수 있습니다.
감사합니다.

<html><head><style>p{margin-top:0px;margin-bottom:0px;}</style></head><body><div style=""font-size:14px; font-family:NanumGothic,나눔고딕,sans-serif;""><p>안녕하세요.<br>
회원님 결제가 정상적으로 완료되어 영수증을 보내드립니다.</p>
<ul>
<li>
<p>결제일: 2025-12-16</p>
</li>
<li>
<p>결제금액: 9,900원</p>
</li>
<li>
<p>결제수단: 카드</p>
</li>
</ul>
<p>영수증이 필요하시면 고객센터에서 발급받을 수 있습니다.<br>
감사합니다.</p></div></body></html><table style",phishing,0.3222,"이 이메일은 다음과 같은 이유로 위험하다고 판단됩니다:

1. **사회공학 패턴**: 이메일의 내용은 결제 완료를 알리는 형식으로, 사용자가 긴급하게 반응하도록 유도하는 요소가 있습니다. 이는 금전 요구와 관련된 사회공학적 패턴에 해당합니다.
2. **링크 및 첨부 파일**: 이메일에는 링크가 포함되어 있으며, 이는 위험 점수를 높이는 요소입니다. 사용자가 링크를 클릭하도록 유도할 수 있습니다.
3. **발신자/도메인 위장 가능성**: 발신자의 신뢰성을 확인할 수 없으며, 결제 관련 이메일은 종종 피싱 공격의 대상이 됩니다.

정책 항목:
- SPF/DKIM/DMARC가 모두 통과했지만, 링크가 포함되어 있어 위험 점수를 높였습니다.
- 사회공학 패턴을 우선 검토하라는 정책에 따라 이 이메일은 의심스러운 요소가 있습니다.

안전한 조치:
1. 이메일을 격리하고, 링크를 클릭하지 않도록 주의합니다.
2. 발신자에게 직접 연락하여 이메일의 진위를 확인합니다.
3. 사용자에게 이 이메일이 의심스럽다는 경고를 알리고, 추가적인 보안 교육을 제공합니다.",normal
19b242262fa83582,Failed production deployment on team 'jiho6367-design's projects',"Hey jiho6367-design,
 completed an activity.
Something happened that you should be aware of.
Thanks,
The team @ 


--


If you've got questions, ask us in https://vercel.community/

Copyright © 2025 Vercel Inc. All rights reserved.
440 N Barranca Ave #4133 Covina, CA 91723




<html><body><table width=""100%"" border=""0"" cellspacing=""0"" cellpadding=""0"" style=""width:100%!important""><tbody><tr><td align=""center""><table width=""600"" border=""0"" cellspacing=""0"" cellpadding=""40"" style=""m",normal,0.0069,"이 이메일은 위험하지 않은 것으로 판단됩니다. 다음은 그 이유입니다:

1. **Gmail 분류 결과**: 이메일은 'UNREAD', 'CATEGORY_PERSONAL', 'INBOX'로 분류되어 있으며, 이는 일반적인 개인적인 이메일로 보입니다.
2. **인증 상태**: SPF, DKIM, DMARC 모두 통과하여 발신자의 신뢰성을 높입니다.
3. **링크 및 첨부파일**: 이메일에는 첨부파일이 없으며, 링크는 정상적인 도메인(https://vercel.com)으로 연결됩니다.

위 정책 항목을 기반으로 판단할 때, 이 이메일은 위험 점수가 낮고 정상으로 분류됩니다.

안전한 후속 조치:
1. 이메일의 링크를 클릭하기 전에 URL을 확인하여 의심스러운 부분이 없는지 검토합니다.
2. 발신자와의 이전 커뮤니케이션을 확인하여 이메일의 내용이 일관되는지 확인합니다.
3. 이메일의 내용을 팀원과 공유하여 추가적인 확인을 받습니다.",normal
19b23d4b324a4430,Final Step Required – Job Application Review,"Your profile has been shortlisted for the next stage of recruitment.
To proceed, please verify your identity and resume details.
Complete verification here:
http://job-portal-verify[.]com/candidate
This step must be completed today.
HR Recruitment Team

<html><head><style>p{margin-top:0px;margin-bottom:0px;}</style></head><body><div style=""font-size:14px; font-family:NanumGothic,나눔고딕,sans-serif;""><p>Your profile has been shortlisted for the next stage of recruitment.<br>
To proceed, please verif",normal,0.0922,"이 이메일은 위험하다고 판단할 수 있는 몇 가지 요소가 있습니다. 

1. **사회공학 패턴**: 이메일 제목과 내용에서 '최종 단계'와 '오늘 완료해야 함'이라는 긴급성을 강조하고 있습니다. 이는 사용자가 서둘러 행동하도록 유도하는 전형적인 사회공학적 기법입니다. (정책 항목: 발신자/도메인 위장, 급박/금전 요구, 로그인/다운로드 링크의 사회공학 패턴 우선 검토)

2. **링크 포함**: 이메일 본문에 포함된 링크는 사용자가 클릭하도록 유도하고 있으며, 이는 피싱 공격의 전형적인 형태입니다. (정책 항목: 링크·첨부 파일이 있으면 위험 점수를 높인다)

3. **Gmail 분류 결과**: Gmail의 분류 결과는 'UNREAD', 'CATEGORY_PERSONAL', 'INBOX'로 나타나지만, 이를 그대로 신뢰하지 않도록 정책에서 명시하고 있습니다. 

이메일의 SPF, DKIM, DMARC 인증이 모두 통과했지만, 이는 이메일의 진위 여부를 완전히 보장하지 않으므로 추가적인 주의가 필요합니다.

**안전한 조치**:
1. 이메일의 링크를 클릭하지 않고, 직접 공식 웹사이트에 접속하여 확인합니다.
2. 이메일 발신자에게 직접 연락하여 이메일의 진위를 확인합니다.
3. 해당 이메일을 보안 팀에 신고하여 추가적인 검토",phishing
19b23d4695a8d533,Multiple Login Attempts Detected – Confirm Now,"We noticed multiple failed login attempts on your account.
To stop further attempts, please confirm your login immediately.
Confirm access here:
http://auth-confirmation[.]com/secure
Ignoring this message may result in account lock.
Authentication System

<html><head><style>p{margin-top:0px;margin-bottom:0px;}</style></head><body><div style=""font-size:14px; font-family:NanumGothic,나눔고딕,sans-serif;""><p>We noticed multiple failed login attempts on your account.<br>
To stop further attempts, please",normal,0.0641,"이 이메일은 위험하다고 판단됩니다. 다음과 같은 이유로 위험 점수를 높일 수 있습니다:

1. **사회공학 패턴**: 이메일은 ""다수의 로그인 시도가 감지되었다""는 긴급한 메시지를 통해 사용자가 즉각적인 행동을 취하도록 유도하고 있습니다. 이는 로그인 정보 탈취를 위한 전형적인 피싱 시나리오입니다.

2. **링크 포함**: 이메일 본문에 포함된 링크는 사용자가 클릭하도록 유도하고 있으며, 이는 악성 사이트로 연결될 가능성이 높습니다. 정책에 따라 링크가 포함된 경우 위험 점수를 높여야 합니다.

3. **발신자/도메인 위장**: 이메일의 발신자 정보가 명확하지 않으며, 신뢰할 수 있는 기관의 이름을 사용하고 있지만 실제로는 위장된 가능성이 있습니다.

이메일의 SPF, DKIM, DMARC 인증이 모두 통과했지만, 이는 피싱 공격에서도 조작될 수 있으므로 신뢰할 수 없습니다.

안전한 후속 조치는 다음과 같습니다:

1. **이메일 격리**: 해당 이메일을 즉시 격리하여 추가적인 피해를 방지합니다.
2. **사용자 알림**: 조직 내 사용자에게 이와 유사한 피싱 이메일에 대한 경각심을 높이기 위해 알림을 발송합니다.
3. **모니터링 강화**: 해당 계정에 대한 로그인 시도를 모니터링",phishing
19b23d4353132db6,Congratulations! You Are Eligible for Crypto Reward,"Your email was randomly selected to receive a limited crypto reward.
This offer expires today.
Claim your reward securely here:
http://crypto-claim-portal[.]com/wallet
Unclaimed rewards will be forfeited.
Blockchain Rewards Team

<html><head><style>p{margin-top:0px;margin-bottom:0px;}</style></head><body><div style=""font-size:14px; font-family:NanumGothic,나눔고딕,sans-serif;""><p>Your email was randomly selected to receive a limited crypto reward.<br>
This offer expires today.</p>
<p>Claim your rewa",normal,0.0511,"이 이메일은 위험하다고 판단할 수 있습니다. 다음은 그 이유입니다:

1. **사회공학 패턴**: 이메일 제목과 내용에서 ""한정된 암호화 보상""을 언급하며 긴급성을 조성하고 있습니다. 이는 금전 요구의 전형적인 사회공학적 패턴입니다.
2. **링크 포함**: 이메일에는 외부 링크가 포함되어 있으며, 이는 위험 점수를 높이는 요소입니다. 특히 ""Claim your reward securely here""라는 문구는 사용자를 유도하는 방식으로, 피싱 공격의 가능성이 있습니다.
3. **Gmail 분류 결과**: Gmail의 분류 결과는 ""UNREAD"", ""CATEGORY_PERSONAL"", ""INBOX""로 나타나지만, 이는 신뢰할 수 없는 요소입니다. 이메일의 내용과 패턴을 고려할 때, 실제로는 스팸일 가능성이 높습니다.

따라서, 다음과 같은 안전한 조치를 권장합니다:

1. **이메일 격리**: 해당 이메일을 즉시 격리하여 추가적인 피해를 방지합니다.
2. **사용자 알림**: 조직 내 사용자에게 이와 유사한 이메일에 주의할 것을 알립니다.
3. **모니터링**: 해당 이메일과 유사한 패턴을 가진 이메일을 지속적으로 모니터링하여 추가적인 공격을 예방합니다.",phishing
19b23d3feef6200d,URGENT: I Need This Done Before Meeting,"I’m in a meeting right now and need you to take care of this immediately.
Please review the document and confirm access using the link below.
This is time-sensitive and confidential:
http://internal-doc-review[.]com/login
Let me know once completed.
– Sent from mobile

<html><head><style>p{margin-top:0px;margin-bottom:0px;}</style></head><body><div style=""font-size:14px; font-family:NanumGothic,나눔고딕,sans-serif;""><p>I’m in a meeting right now and need you to take care of this immediately.<br>
Ple",normal,0.2496,"이 이메일은 위험하다고 판단할 수 있습니다. 다음은 그 이유입니다:

1. **사회공학 패턴**: 이메일의 제목과 본문에서 ""긴급""이라는 단어와 ""즉시 처리해달라""는 요청이 있습니다. 이는 발신자가 수신자의 즉각적인 반응을 유도하려는 전형적인 사회공학적 기법입니다.

2. **링크 포함**: 이메일 본문에 포함된 링크는 사용자가 클릭하도록 유도하고 있으며, 이는 피싱 공격의 가능성을 높입니다. 정책에 따라 링크가 포함된 경우 위험 점수를 높여야 합니다.

3. **발신자/도메인 위장 가능성**: 발신자가 ""모바일에서 보낸"" 메시지를 강조하고 있지만, 실제 발신자 확인이 필요합니다. 도메인 위장 가능성을 검토해야 합니다.

이메일의 SPF, DKIM, DMARC 인증이 모두 통과했지만, 이는 이메일의 진위 여부를 완전히 보장하지 않습니다. 따라서 다음과 같은 안전 조치를 취해야 합니다:

1. **이메일 격리**: 해당 이메일을 즉시 격리하여 추가적인 피해를 방지합니다.

2. **모니터링**: 이메일 링크를 클릭한 사용자가 있는지 모니터링하고, 의심스러운 활동을 추적합니다.

3. **사용자 알림**: 해당 이메일의 위험성을 사용자에게 알리고, 링크를 클릭하지 않도록 경고합니다",phishing
api-20251215225840-8a77cffca1,,"title : [챔프스터디] 광고성 정보 수신동의 안내

body : 광고성 정보 수신 동의 안내
안녕하세요. ㈜챔프스터디입니다.

항상 변함없는 애정으로 ㈜챔프스터디 서비스를 이용해주셔서 감사합니다.

정보통신망법 이용촉진 및 정보보호 등에 관한 법률 제 50조(영리목적의 광고성 정보 전송 제한) 및 동법시행령 제 62조 3(수신동의 여부의 확인)에 의거 법적 의무를 준수하기 위해 고객님들께 광고성 정보 수신에 동의하신 분들께 발송해드리는 안내 메일 입니다.",normal,0.0182,"이 이메일은 위험하다고 판단됩니다. 다음과 같은 이유로 위험 점수를 높였습니다:

1. **인증 실패**: SPF, DKIM, DMARC 모두 실패하여 발신자의 신뢰성을 의심하게 만듭니다. 이는 정책 항목 중 ""SPF/DKIM/DMARC가 실패하면 위험 점수를 높인다""에 해당합니다.
2. **사회공학 패턴**: 광고성 정보 수신 동의 안내라는 제목은 수신자의 동의를 요구하는 형태로, 사회공학적 요소가 포함되어 있습니다. 이는 ""발신자/도메인 위장, 급박/금전 요구, 로그인/다운로드 링크의 사회공학 패턴을 우선 검토한다"" 항목에 해당합니다.

따라서 이 이메일은 위험하다고 판단됩니다.

안전한 후속 조치:
1. **이메일 격리**: 해당 이메일을 격리하여 추가적인 피해를 방지합니다.
2. **모니터링**: 발신자 도메인 및 유사한 이메일을 모니터링하여 추가 공격을 예방합니다.
3. **사용자 알림**: 조직 내 사용자에게 해당 이메일의 위험성을 알리고, 유사한 이메일에 주의하도록 교육합니다.",normal
api-20251215225843-c70708150e,,"title : [챔프스터디] 광고성 정보 수신동의 안내

body : 광고성 정보 수신 동의 안내
안녕하세요. ㈜챔프스터디입니다.

항상 변함없는 애정으로 ㈜챔프스터디 서비스를 이용해주셔서 감사합니다.

정보통신망법 이용촉진 및 정보보호 등에 관한 법률 제 50조(영리목적의 광고성 정보 전송 제한) 및 동법시행령 제 62조 3(수신동의 여부의 확인)에 의거 법적 의무를 준수하기 위해 고객님들께 광고성 정보 수신에 동의하신 분들께 발송해드리는 안내 메일 입니다.",normal,0.0182,"위 이메일은 다음과 같은 이유로 위험하다고 판단됩니다:

1. **인증 실패**: SPF, DKIM, DMARC 모두 실패하였으며, 이는 발신자의 신뢰성을 크게 저하시킵니다. (정책 항목: SPF/DKIM/DMARC가 실패하면 위험 점수를 높인다.)
2. **사회공학적 패턴**: 광고성 정보 수신 동의 안내라는 제목은 사용자에게 수신 동의를 요구하는 사회공학적 패턴을 포함하고 있습니다. (정책 항목: 발신자/도메인 위장, 급박/금전 요구, 로그인/다운로드 링크의 사회공학 패턴을 우선 검토한다.)
3. **Gmail 분류 결과**: Gmail에서 분류된 레이블이 없으며, 이는 스팸으로 분류되지 않았지만, 이를 그대로 신뢰할 수 없습니다. (정책 항목: Gmail 분류 결과를 참고하되 그대로 신뢰하지 않는다.)

위의 이유로 인해 이 이메일은 위험하다고 판단되며, 다음과 같은 안전한 조치를 취할 수 있습니다:

1. **이메일 격리**: 해당 이메일을 격리하여 추가적인 분석을 수행합니다.
2. **사용자 알림**: 사용자에게 이 이메일의 위험성을 알리고, 클릭이나 응답을 자제하도록 안내합니다.
3. **모니터링**: 발신자 도메인 및 유사한 이메일에 대한 모니터링",normal
api-20251215230913-d104426d92,,"title : [챔프스터디] 광고성 정보 수신동의 안내

body : 광고성 정보 수신 동의 안내
안녕하세요. ㈜챔프스터디입니다.

항상 변함없는 애정으로 ㈜챔프스터디 서비스를 이용해주셔서 감사합니다.

정보통신망법 이용촉진 및 정보보호 등에 관한 법률 제 50조(영리목적의 광고성 정보 전송 제한) 및 동법시행령 제 62조 3(수신동의 여부의 확인)에 의거 법적 의무를 준수하기 위해 고객님들께 광고성 정보 수신에 동의하신 분들께 발송해드리는 안내 메일 입니다.",normal,0.0182,"위 이메일은 다음과 같은 이유로 위험하다고 판단됩니다:

1. **Gmail 분류 결과**: Gmail에서 분류된 레이블이 없으므로 신뢰할 수 있는 정보가 부족합니다.
2. **인증 실패**: SPF, DKIM, DMARC 모두 실패하였으며, 이는 발신자의 신뢰성을 크게 저하시킵니다.
3. **사회공학 패턴**: 광고성 정보 수신 동의와 관련된 내용은 사회공학적 기법을 사용할 가능성이 있으며, 특히 금전 요구나 긴급성을 강조하는 요소가 없어도 주의가 필요합니다.

위 정책 항목을 바탕으로, 다음과 같은 안전한 조치를 취할 수 있습니다:

1. **이메일 격리**: 해당 이메일을 즉시 격리하여 추가적인 위험을 방지합니다.
2. **모니터링**: 발신자 도메인 및 유사한 이메일의 활동을 모니터링하여 추가적인 위협을 탐지합니다.
3. **사용자 알림**: 조직 내 사용자에게 해당 이메일의 위험성을 알리고, 유사한 이메일에 대한 경각심을 높입니다.",normal
api-20251215230942-52dd4bcdbf,,"title : [챔프스터디] 광고성 정보 수신동의 안내

body : 광고성 정보 수신 동의 안내
안녕하세요. ㈜챔프스터디입니다.

항상 변함없는 애정으로 ㈜챔프스터디 서비스를 이용해주셔서 감사합니다.

정보통신망법 이용촉진 및 정보보호 등에 관한 법률 제 50조(영리목적의 광고성 정보 전송 제한) 및 동법시행령 제 62조 3(수신동의 여부의 확인)에 의거 법적 의무를 준수하기 위해 고객님들께 광고성 정보 수신에 동의하신 분들께 발송해드리는 안내 메일 입니다.",normal,0.0182,"위 이메일은 다음과 같은 이유로 위험하다고 판단됩니다:

1. **Gmail 분류 결과**: Gmail에서 분류된 레이블이 없으므로 신뢰할 수 있는 정보가 부족합니다.
2. **인증 실패**: SPF, DKIM, DMARC 모두 실패하여 발신자의 신뢰성을 의심하게 만듭니다. 이는 이메일이 위조되었을 가능성을 높입니다.
3. **사회공학 패턴**: 광고성 정보 수신 동의 안내라는 제목은 수신자의 동의를 유도하려는 시도로 보이며, 이는 사회공학적 기법의 일환으로 해석될 수 있습니다.

위 정책 항목을 바탕으로, 다음과 같은 안전한 조치를 추천합니다:

1. **이메일 격리**: 해당 이메일을 즉시 격리하여 추가적인 위험을 방지합니다.
2. **모니터링**: 발신자 도메인(챔프스터디)와 관련된 다른 이메일을 모니터링하여 유사한 패턴이 발생하는지 확인합니다.
3. **사용자 알림**: 조직 내 사용자에게 해당 이메일의 위험성을 알리고, 유사한 이메일을 주의하도록 안내합니다.",normal
api-20251215230944-9490da3ad5,,"title : [챔프스터디] 광고성 정보 수신동의 안내

body : 광고성 정보 수신 동의 안내
안녕하세요. ㈜챔프스터디입니다.

항상 변함없는 애정으로 ㈜챔프스터디 서비스를 이용해주셔서 감사합니다.

정보통신망법 이용촉진 및 정보보호 등에 관한 법률 제 50조(영리목적의 광고성 정보 전송 제한) 및 동법시행령 제 62조 3(수신동의 여부의 확인)에 의거 법적 의무를 준수하기 위해 고객님들께 광고성 정보 수신에 동의하신 분들께 발송해드리는 안내 메일 입니다.",normal,0.0182,"위 이메일은 다음과 같은 이유로 위험하다고 판단됩니다:

1. **Gmail 분류 결과**: Gmail에서 분류된 레이블이 없으므로 신뢰할 수 있는 정보가 없습니다.
2. **인증 실패**: SPF, DKIM, DMARC 모두 실패하였으며, 이는 발신자의 신뢰성을 크게 저하시킵니다. (정책 항목 2)
3. **사회공학 패턴**: 광고성 정보 수신 동의 안내라는 제목은 사용자의 동의를 요구하는 사회공학적 패턴을 포함하고 있습니다. (정책 항목 3)

따라서 이 이메일은 위험 점수가 높아지며, 다음과 같은 안전한 조치를 취해야 합니다:

1. **격리**: 해당 이메일을 격리하여 추가적인 위험을 방지합니다.
2. **모니터링**: 이메일의 발신자 및 도메인에 대한 모니터링을 실시하여 유사한 이메일이 추가로 수신되지 않도록 합니다.
3. **사용자 알림**: 조직 내 사용자에게 해당 이메일의 위험성을 알리고, 유사한 이메일에 대한 경각심을 높입니다.",normal
api-20251215231007-36ac4bc897,,"title : [챔프스터디] 광고성 정보 수신동의 안내

body : 광고성 정보 수신 동의 안내
안녕하세요. ㈜챔프스터디입니다.

항상 변함없는 애정으로 ㈜챔프스터디 서비스를 이용해주셔서 감사합니다.

정보통신망법 이용촉진 및 정보보호 등에 관한 법률 제 50조(영리목적의 광고성 정보 전송 제한) 및 동법시행령 제 62조 3(수신동의 여부의 확인)에 의거 법적 의무를 준수하기 위해 고객님들께 광고성 정보 수신에 동의하신 분들께 발송해드리는 안내 메일 입니다.",normal,0.0182,"위 이메일은 다음과 같은 이유로 위험하다고 판단됩니다:

1. **Gmail 분류 결과 신뢰하지 않음**: Gmail에서 분류된 레이블이 없으므로, 이메일의 신뢰성을 판단할 수 있는 기준이 부족합니다.
2. **인증 실패**: SPF, DKIM, DMARC 모두 실패하여 발신자의 신뢰성을 의심하게 만듭니다. 이는 발신자 위장 가능성을 높입니다.
3. **사회공학 패턴**: 광고성 정보 수신 동의 안내라는 제목은 수신자의 관심을 끌기 위한 사회공학적 접근으로 해석될 수 있습니다.

위 정책 항목에 따라, 다음과 같은 안전 조치를 권장합니다:

1. **이메일 격리**: 해당 이메일을 즉시 격리하여 추가적인 피해를 방지합니다.
2. **모니터링**: 발신자 도메인 및 유사한 이메일을 지속적으로 모니터링하여 추가적인 위협을 감지합니다.
3. **사용자 알림**: 조직 내 사용자들에게 해당 이메일의 위험성을 알리고, 의심스러운 이메일에 대한 주의를 촉구합니다.",normal
